frame,left_hand_raised,right_hand_raised,squat,leg_lift,arm_movement,left_elbow_angle,right_elbow_angle,average_knee_angle,arm_movement_amount,detected_move
1,False,False,True,False,False,172.9668141314385,2.9690336238583197,97.7789882565647,0.0,Squat
2,False,False,True,False,True,174.57047209336065,70.57620349089427,46.07073534781102,0.1691569335352505,Squat
3,False,False,True,False,True,175.053901898632,161.64056498312726,49.7526484453045,0.13634924220337152,Squat
4,False,False,True,False,True,174.08291415544474,143.81408822131797,34.300575231582314,0.08676748454963498,Squat
5,False,False,True,False,True,172.9888016819327,153.21215549101444,44.341704496331644,0.049593503239101534,Squat
6,False,False,True,False,True,173.08728841825982,153.6751952878321,47.90070459359516,0.03096146688506577,Squat
7,False,False,True,False,True,178.59485082658253,157.86639577624803,101.71722621872425,0.04799855868580593,Squat
8,False,False,True,False,True,179.6199748666801,154.1981674228509,77.53622383425567,0.03266473134516429,Squat
9,False,False,True,False,True,179.4657478161275,160.11174285889578,63.77959246147863,0.04307940678785961,Squat
10,False,False,True,False,True,177.06536692334677,158.33901537055968,51.83794973578562,0.021081629532402058,Squat
11,False,False,True,False,True,175.57730353805158,170.4760236617888,46.68815171117729,0.13107256403215323,Squat
12,False,False,True,False,True,177.88096477617518,70.52515318702916,57.63442128488761,0.10074395382615642,Squat
13,False,False,True,False,True,178.75555293258543,55.432625646516605,98.98520521983372,0.09640308114211374,Squat
14,False,False,False,False,True,176.52522131444914,39.65492494434912,122.82130445464873,0.08312928715946846,Arm Movement
15,False,False,True,False,True,177.56857010343955,2.498201136322891,23.34954638836461,0.1496984482957942,Squat
16,False,False,True,False,True,168.0469713967816,10.9067959187168,43.1950992187608,0.16939763612280434,Squat
17,False,False,True,False,True,174.69755285087345,19.200795466732824,111.46920548460184,0.11311653575736211,Squat
18,False,False,False,False,True,177.65670393168386,23.61557056485163,157.49912128557878,0.1091818925440775,Arm Movement
19,False,False,False,False,True,179.9809156975729,16.909124727978522,153.06917814382268,0.11983916090349594,Arm Movement
20,False,False,False,False,True,177.61705501404882,161.0990137562299,148.33988721143487,0.047630874767007336,Arm Movement
21,False,False,False,False,True,171.3806505221385,170.34240611997404,156.22224016412997,0.016137120986013564,Arm Movement
22,False,False,False,False,False,172.1123676261669,173.26660191786692,178.20461575684675,0.013670137546978904,Standing / Neutral
23,False,False,False,False,True,171.97646212960336,179.25317928438116,169.60504761957566,0.033397511457546575,Arm Movement
24,False,False,False,False,True,174.35261398808476,154.48924712534605,156.59809196278349,0.06408093542169802,Arm Movement
25,False,False,False,False,True,173.45101508662927,150.7669694648504,163.69107167321943,0.03446943913622827,Arm Movement
26,False,False,False,False,True,176.21631821451922,164.473190823797,170.8913483343175,0.055099815462966176,Arm Movement
27,False,False,False,False,True,177.29676024858702,146.40627332903384,176.55518235638777,0.023724753873504586,Arm Movement
28,False,False,False,False,True,178.8612233155049,167.4976947043316,176.88581622795306,0.05029444369692599,Arm Movement
29,False,False,False,False,True,177.15783818276412,160.6450885482796,171.05990087195772,0.01959532646415465,Arm Movement
30,False,False,False,False,True,176.13694270416678,161.37850838368357,165.05341735508063,0.03168373111942186,Arm Movement
31,False,False,False,False,True,170.35808886552053,158.41870961269797,169.29107721197386,0.031462657194911654,Arm Movement
32,False,False,False,False,True,166.2622918316234,161.37956151986606,175.03018023358152,0.019152724123065522,Arm Movement
33,False,False,False,False,True,164.88196937097388,172.18898436728645,176.4124772666731,0.02111113001885738,Arm Movement
34,False,False,False,False,True,165.63184494364654,176.64461957783774,175.58376266570957,0.01919073011201055,Arm Movement
35,False,False,False,False,False,163.81946784074313,172.23854220700963,175.61970391017206,0.011518044079410277,Standing / Neutral
36,False,False,False,False,True,159.438543325884,154.3135172246945,173.97326396978355,0.016304737287126496,Arm Movement
37,False,False,False,False,False,154.8501934393339,144.72012322370165,170.42114933253282,0.014850837799049412,Standing / Neutral
38,False,False,False,False,False,161.3934678081814,134.55005049729888,172.18148480272282,0.006669529945750299,Standing / Neutral
39,False,False,False,False,True,166.83665060977097,166.32329134303623,173.0661927938877,0.02579248747868115,Arm Movement
40,False,False,False,False,True,167.45956354672842,172.6752063400918,172.7978911944192,0.026790378161352775,Arm Movement
41,False,False,False,False,False,172.22482771298993,167.92961750676898,170.82323595461347,0.009370533263992356,Standing / Neutral
42,False,False,False,False,False,170.0780805702237,170.5101154186968,169.7718091435778,0.011065869200862714,Standing / Neutral
43,False,False,False,False,False,171.37415524872662,170.85295046142787,172.3272891970122,0.009860472390995826,Standing / Neutral
44,False,False,False,False,False,165.46678271613854,171.64113444346913,173.44291084713032,0.008074154131046184,Standing / Neutral
45,False,False,False,False,False,158.96363231575074,169.97427544528492,176.01454417602395,0.0117572922919602,Standing / Neutral
46,False,False,False,False,False,150.29060868211187,168.55023084794817,175.23921879428175,0.008443511368040484,Standing / Neutral
47,False,False,False,False,False,139.6372372667804,166.90556052225108,168.61901000732837,0.00800979561821489,Standing / Neutral
48,False,False,False,False,False,135.62861655680734,163.80853988217123,163.84317481566666,0.006357189041807489,Standing / Neutral
49,False,False,False,False,False,130.6148605825413,165.45185491664958,166.6151619270581,0.00865592174508452,Standing / Neutral
50,False,False,False,False,False,124.06536790484215,166.38452571863772,172.41095418606548,0.006588001049549246,Standing / Neutral
51,False,False,False,False,False,140.17681314899033,171.73685460228563,172.91487775501702,0.013425018115844647,Standing / Neutral
52,False,False,False,False,False,147.19796202961837,173.81422642356705,165.81148947314603,0.014240861146950515,Standing / Neutral
53,False,False,False,False,False,152.14459438213734,172.08485107092145,174.72771204951152,0.008465396303359822,Standing / Neutral
54,False,False,False,False,False,155.15854727885386,165.3967616358548,164.9052130944726,0.006331071946808738,Standing / Neutral
55,False,False,False,False,False,158.95670794008618,163.90681990695592,164.36427664507653,0.0034222069327582167,Standing / Neutral
56,False,False,False,False,False,161.78190144802045,166.62744073906356,164.18036741786995,0.005236067052090974,Standing / Neutral
57,False,False,False,False,False,165.39540339593432,171.54021313485492,167.26154452613935,0.006880015575676847,Standing / Neutral
58,False,False,False,False,False,167.75106005231714,173.10346445096218,170.37461639935182,0.005689219737899839,Standing / Neutral
59,False,False,False,False,False,164.65626473439193,173.34586732551895,171.59423812264382,0.008540490709705362,Standing / Neutral
60,False,False,False,False,False,161.90478154633513,170.45511828384264,169.20492219381026,0.0051515929330721265,Standing / Neutral
61,False,False,False,False,False,168.410369575944,170.26114194292927,170.16145576441622,0.00489598185316753,Standing / Neutral
62,False,False,False,False,False,175.71165046606495,169.11287074965864,170.65273996183365,0.006777869959981786,Standing / Neutral
63,False,False,False,False,False,179.1873961540094,167.36917032928886,170.2711376350478,0.011046501086316534,Standing / Neutral
64,False,False,False,False,False,174.434497295513,169.2953048672322,169.75402854799256,0.008378093373992855,Standing / Neutral
65,False,False,False,False,False,173.5178617108382,174.1981603951837,165.38950114646101,0.006152239225357289,Standing / Neutral
66,False,False,False,False,False,176.92484853132382,177.19085477023694,173.48187928046752,0.005700994258927775,Standing / Neutral
67,False,False,False,False,False,177.94109982933304,172.8137567182359,177.73896719827965,0.006222070685821942,Standing / Neutral
68,False,False,False,False,False,176.04079596798508,175.70286212945967,174.95111525240588,0.008609115869507227,Standing / Neutral
69,False,False,False,False,False,176.88895076839623,179.06316080235544,173.10518265431762,0.011932543524439962,Standing / Neutral
70,False,False,False,False,False,175.8536324252693,169.7441894802633,175.2419857473745,0.012122055985300506,Standing / Neutral
71,False,False,False,False,False,178.55544641812244,174.24475563978925,178.02569963077212,0.008097318075420221,Standing / Neutral
72,False,False,False,False,False,169.4036991096536,177.12104288172688,175.95129936474882,0.011888540848798401,Standing / Neutral
73,False,False,False,False,False,161.150399049401,178.60264200723833,174.8798780401939,0.013422309813420089,Standing / Neutral
74,False,False,False,False,False,144.591095993675,178.20740029851927,170.19403776732418,0.011108835469234682,Standing / Neutral
75,False,False,False,False,True,144.3393287397916,167.70326628639913,172.3769023875841,0.017193019594454045,Arm Movement
76,False,False,False,False,False,142.73804659256197,159.19176650099064,173.8105885900465,0.014325350671237809,Standing / Neutral
77,False,False,False,False,False,142.99037273063922,163.70338266626277,175.41718228017805,0.01440914813570256,Standing / Neutral
78,False,False,False,False,False,147.42555828623148,171.8680854821491,178.92628887346223,0.011672479845645092,Standing / Neutral
79,False,False,False,False,False,155.13508815418479,173.7737462844355,178.85702115946603,0.0016621954799384063,Standing / Neutral
80,False,False,False,False,False,169.50611453082232,171.8199509205422,176.01590464545484,0.0033807920889246186,Standing / Neutral
81,False,False,False,False,False,172.01584326022507,172.64451001605718,175.61120328006245,0.00747889205869475,Standing / Neutral
82,False,False,False,False,False,167.95193935171204,174.90579183550324,176.22805384440943,0.011454594091166075,Standing / Neutral
83,False,False,False,False,True,164.0134318408681,177.73035463748573,173.56471317074232,0.023092071090497802,Arm Movement
84,False,False,False,False,True,171.01889002237303,171.5948362988789,170.68458447055946,0.019024003159561573,Arm Movement
85,False,False,False,False,True,176.76391213144734,162.12629166844124,168.93664934386146,0.015188211215677233,Arm Movement
86,False,False,False,False,True,147.36512413390065,146.69757388629304,168.73990027896582,0.021170521562783078,Arm Movement
87,False,False,False,False,False,113.40468841473563,125.89347374826495,168.1694956302165,0.012727566659159346,Standing / Neutral
88,False,False,False,False,True,83.45403910956247,147.1311585404907,167.76090025841717,0.017718038058632188,Arm Movement
89,False,False,False,False,True,53.07989067528969,171.2920507867274,172.0013486990824,0.02004478849014554,Arm Movement
90,False,False,False,False,True,39.303871641394736,175.61669072130695,173.80186120796105,0.01966214153988014,Arm Movement
91,False,False,False,False,False,31.381087585032734,174.47438184155695,174.5469490835905,0.014657322223462964,Standing / Neutral
92,True,False,False,False,False,27.22360764588749,179.38460840307107,177.54908621937244,0.011876878049460231,Hand Raise
93,True,False,False,False,False,24.709566314507075,179.18396312452,176.59413014746474,0.013609227337898292,Hand Raise
94,True,False,False,False,False,17.690642643874103,178.49792246163798,175.31313688870762,0.00994047630378442,Hand Raise
95,True,False,False,False,False,9.774484324158976,177.49369040150017,174.38869060482105,0.008831837493003376,Hand Raise
96,True,False,False,False,False,6.6652212621074005,178.5398902847584,173.43957526250597,0.003533618934730706,Hand Raise
97,True,False,False,False,False,8.720951430583339,174.3455612903247,171.9194454706851,0.0016713817565657293,Hand Raise
98,True,False,False,False,False,7.597658781148375,172.96301720019102,171.1605439884486,0.002611028216168137,Hand Raise
99,True,False,False,False,False,10.38618520716634,172.48415716158593,170.92338435087692,0.0013361091448979405,Hand Raise
100,True,False,False,False,False,12.427467081365048,174.29681456796143,171.49732226799546,0.0015686784865438243,Hand Raise
101,True,False,False,False,False,13.402190625226263,174.39772500069864,171.97109660320478,0.0021901598497930624,Hand Raise
102,True,False,False,False,False,12.283616842835807,174.92686296376843,172.3205771539238,0.0032533176222785645,Hand Raise
103,True,False,False,False,False,9.807147504701815,175.1077396306155,173.05922078832805,0.003923634829540502,Hand Raise
104,True,False,False,False,False,11.198766681178098,175.82577459011276,173.3130355670989,0.003942199897771116,Hand Raise
105,True,False,False,False,False,11.63722927093666,175.88910068065536,173.37446692135285,0.0036033091174432976,Hand Raise
106,False,False,False,False,False,11.095194446815597,176.13289460048256,172.67402501001317,0.003227694942234168,Standing / Neutral
107,False,False,False,False,False,10.386326242182653,175.9925428346011,171.71002091583028,0.0019918391877871595,Standing / Neutral
108,False,False,False,False,False,9.823713450649226,175.25549475441667,170.96343495912578,0.0025445433686181514,Standing / Neutral
109,False,False,False,False,False,6.128131868136879,175.13955973316033,170.19974555545633,0.007888166131592354,Standing / Neutral
110,False,False,False,False,False,3.260515155231647,174.90995466457284,170.3544005015516,0.004244882646658273,Standing / Neutral
111,False,False,False,False,False,3.7642229761132406,176.14841663385644,169.170295666761,0.005636862747757425,Standing / Neutral
112,False,False,False,False,True,10.581960888779403,177.3744508146645,167.87378294426554,0.017039770675266318,Arm Movement
113,False,False,False,False,False,14.401064495485796,176.04019084114657,167.68958681175621,0.007118924766914779,Standing / Neutral
114,False,False,False,False,False,16.147799345346623,173.30346377458602,167.6928692585451,0.008062137214204944,Standing / Neutral
115,False,False,False,False,False,17.363445093664037,170.89686719613195,167.52926128911508,0.0051742735704683,Standing / Neutral
116,False,False,False,False,False,11.167424438435887,171.20758519012304,164.92362981382882,0.005152183701284792,Standing / Neutral
117,False,False,False,False,False,120.89243818011444,172.93766692491283,162.6212704722407,0.0053461259899609415,Standing / Neutral
118,False,False,False,False,False,122.64079104694947,173.73155991160272,155.9093340015874,0.005454622587834704,Standing / Neutral
119,False,False,False,False,False,128.74721551278193,179.3908795028252,153.03089059266102,0.0059282381334783505,Standing / Neutral
120,False,False,False,False,False,124.1602169284943,169.7607070992522,152.54058899474202,0.0073963790484826205,Standing / Neutral
121,False,False,False,False,False,145.70928448310647,160.33650540818863,153.25549964316758,0.009529995926269196,Standing / Neutral
122,False,False,False,False,False,156.74334866000416,157.262531421412,152.55165260466302,0.013307781906045726,Standing / Neutral
123,False,False,False,False,False,157.49308011834316,166.84016424429504,156.72659592969387,0.004762159810507049,Standing / Neutral
124,False,False,False,False,False,156.5188264459791,153.07527332543748,157.82387892686262,0.014138430889560722,Standing / Neutral
125,False,False,False,False,True,142.8008474489192,123.97194783943667,160.97595856840098,0.03722561013807793,Arm Movement
126,False,False,False,False,True,132.12281092219007,123.0344535618171,160.2520202407312,0.05327311766655364,Arm Movement
127,False,False,False,False,True,154.60135966997382,119.1354685271364,159.34468061076376,0.017693231782699888,Arm Movement
128,False,False,False,False,True,169.12768105112323,139.98886111383501,152.82017612204749,0.024978270143089933,Arm Movement
129,False,False,False,False,True,103.3526318383869,150.27686261300295,151.82287962583064,0.04013305457070565,Arm Movement
130,True,False,False,False,True,63.774946502213076,172.01745723732031,159.13961154029795,0.04069266721082627,Hand Raise
131,True,True,False,False,True,24.729500346370703,178.11696031474526,163.12909511797193,0.020768351913573617,Hand Raise
132,True,True,False,False,True,156.9507429681183,97.46987462588699,159.95713619418262,0.04568954858930418,Hand Raise
133,False,True,False,False,True,67.90236662310824,32.84414125954233,152.72248187699415,0.07278989449580295,Hand Raise
134,False,True,False,False,True,84.3007377528435,16.50195383690666,145.55935427483934,0.02697867006999876,Hand Raise
135,False,True,False,False,True,176.88171917734175,4.570826232025915,134.84159926506646,0.07464968740821772,Hand Raise
136,False,True,False,False,True,163.8181492521197,4.4148400762865005,132.214160557945,0.03502642700992071,Hand Raise
137,False,False,True,False,True,161.1985711150112,50.683351293537925,117.99119935199647,0.016453703391871986,Squat
138,False,False,False,False,True,163.9129585226059,139.19849736785534,125.59651855041633,0.021027718391354578,Arm Movement
139,False,False,False,False,True,174.44938278029133,138.8722949534636,133.9100144960508,0.06077750861729427,Arm Movement
140,False,False,False,False,True,107.85513114544383,90.43114219327262,159.262917825057,0.09750458357133387,Arm Movement
141,False,False,False,False,True,107.15535809559202,145.9527345614087,157.39907073659458,0.031873144086957184,Arm Movement
142,False,False,False,False,True,133.95817466111748,170.09119870554568,157.48381139209863,0.03726664816641102,Arm Movement
143,False,False,False,False,True,147.57422200570917,31.16126711817267,137.7223479227964,0.02921371046778264,Arm Movement
144,False,False,False,False,True,141.48528727638453,162.56589840071265,152.37137002477118,0.02478935379603548,Arm Movement
145,False,False,False,False,True,148.56716712710588,172.52479255379075,168.42975819087997,0.02180657706472396,Arm Movement
146,False,False,False,False,False,25.567154858385106,177.56896147475425,163.15045913495294,0.011884428934337318,Standing / Neutral
147,True,False,False,False,True,8.813753637604737,156.69450615649697,159.1517547759559,0.01591932852572308,Hand Raise
148,True,False,False,False,True,5.591717765415862,160.61660466106832,159.42506263714705,0.029817928843632765,Hand Raise
149,False,False,False,False,True,6.17750375129037,148.2232103587604,160.12634222937305,0.034401591856933755,Arm Movement
150,False,False,False,False,True,10.780191888546232,157.20335381193323,148.75683818554432,0.026205480103326358,Arm Movement
151,False,False,False,False,True,62.3597521666292,166.90110059956461,141.8387610765982,0.037747957648985975,Arm Movement
152,False,False,False,False,True,117.29814136770193,161.15087817788478,164.30380797014178,0.039541342204377314,Arm Movement
153,False,False,False,False,True,142.06021621357823,148.64370882340683,152.6569752837865,0.044841904552286135,Arm Movement
154,False,False,False,False,True,154.91708452749592,163.65726225177275,156.68824610030407,0.03739116275931151,Arm Movement
155,False,False,False,False,True,124.72952417075889,174.19282892411152,153.80062591756018,0.04593531904876968,Arm Movement
156,False,False,False,False,False,129.9496355109472,174.89683867983118,153.24867982820058,0.010108901656403841,Standing / Neutral
157,True,False,False,False,True,150.36552814177318,178.24023083050318,165.12660194599422,0.05653399187383994,Hand Raise
158,True,False,False,False,True,93.68367578047766,174.00365108528194,174.27236037596327,0.058252133925376225,Hand Raise
159,True,False,False,False,True,97.06665758806251,164.06824840667636,178.24379452167426,0.058010243906539576,Hand Raise
160,True,False,False,False,True,61.826795545855134,134.96417309294944,177.0077507582008,0.05129233617659139,Hand Raise
161,True,False,False,False,True,171.43690820301936,104.16772995520014,177.51173110663038,0.10422413792147499,Hand Raise
162,True,False,False,False,True,177.29955240260568,127.89564245615507,176.64731440344696,0.06201889152821205,Hand Raise
163,False,True,False,False,True,173.74857087381173,127.22775963093703,167.2636731998121,0.046828948035637544,Hand Raise
164,False,True,False,False,True,178.50536302307307,149.01595249968003,165.81749268482866,0.0402837748787745,Hand Raise
165,False,True,False,False,True,168.5177294570611,111.85293889838096,167.2512607969083,0.0339350089553314,Hand Raise
166,False,True,False,False,True,173.032257557639,72.3831383280955,168.0835527859112,0.04664656979222504,Hand Raise
167,False,True,False,False,True,171.47500012254935,84.32452700096054,168.08499485388543,0.057396314073699155,Hand Raise
168,False,True,False,False,True,174.0632857284316,125.0584838459374,168.092777120088,0.04641650106688519,Hand Raise
169,False,True,False,False,True,143.93240339656276,117.30215282241046,171.18452330835098,0.062029126694404454,Hand Raise
170,False,False,False,False,True,82.33626805751074,114.18075937505392,168.2312254908616,0.06270893948370643,Arm Movement
171,False,False,False,False,True,81.37425593924132,119.81409338506597,167.4750992796367,0.04244630890328127,Arm Movement
172,False,False,False,False,True,63.78097904810895,138.10004377607584,156.96428235465396,0.026538852019154312,Arm Movement
173,False,False,False,False,True,137.80510450828731,6.19981427781983,153.2202443616688,0.023374067509131454,Arm Movement
174,False,False,False,False,False,173.9319083153679,1.796237341812325,151.47930007432433,0.011132900172647278,Standing / Neutral
175,False,False,False,False,False,153.64921179340155,2.4941204106304604,152.74671093670884,0.011174053867156123,Standing / Neutral
176,False,False,False,False,False,174.79637871476777,2.7642735625269137,153.48586332605788,0.007807367678210896,Standing / Neutral
177,False,False,False,False,False,32.667777103488554,8.938782545886651,156.7704182694884,0.011921048889255163,Standing / Neutral
178,False,False,False,False,False,17.142623557924907,44.412105939335326,161.14732353586885,0.014450830907151912,Standing / Neutral
179,False,False,False,False,True,11.810771704407914,167.32246554135745,167.96173863051342,0.07085586501869148,Arm Movement
180,False,False,False,False,False,10.35215336615823,152.56148865664102,170.37000370978475,0.008009282435334546,Standing / Neutral
181,False,False,False,False,True,10.088052741663303,156.02296112075567,169.87587601468476,0.017545825105734447,Arm Movement
182,False,False,False,False,True,23.905661388467205,174.47648857830646,167.51941360996295,0.0240963806281094,Arm Movement
183,False,False,False,False,True,38.00209805312372,51.093283074342615,163.82987835242267,0.054505388574353664,Arm Movement
184,False,False,False,False,True,44.36694814177511,145.80854156743413,154.28333250739354,0.03936731667805575,Arm Movement
185,False,False,False,False,False,50.37464848208528,140.83293044891676,149.05308194756554,0.014431332706703742,Standing / Neutral
186,False,False,False,False,False,54.12629983412079,133.69822886362462,144.9344998989228,0.010069589969986015,Standing / Neutral
187,False,False,False,False,False,57.291691937280646,143.3726256511463,142.64942633443576,0.012805207699375496,Standing / Neutral
188,False,False,False,False,True,78.67247554131491,157.38955921697882,139.64119111492943,0.01822896924686471,Arm Movement
189,False,False,False,False,False,139.52386949538015,176.43675091343434,136.86837348471752,0.010018646947814848,Standing / Neutral
190,False,False,False,False,False,158.7871591644209,167.2072209110422,145.3511635412059,0.013621008332851558,Standing / Neutral
191,False,False,False,False,True,167.07450327729995,99.31142534069092,154.9940534345189,0.026448904290985974,Arm Movement
192,False,False,False,False,True,152.42899933823045,52.798338289381824,154.90058654777923,0.017483547085227598,Arm Movement
193,False,False,False,False,False,88.87513044204658,66.4418417735603,138.69882259076928,0.010021362774545248,Standing / Neutral
194,False,False,False,False,False,57.325810496797125,115.2357730798688,128.1673186052288,0.01161576729773941,Standing / Neutral
195,False,False,False,False,False,48.60510295497298,101.78434192861506,129.57397099420808,0.006862877431231328,Standing / Neutral
196,False,False,False,False,True,63.848720100012926,104.18949248250603,127.78200912488262,0.026675990359774752,Arm Movement
197,False,False,False,False,True,86.06969616786995,100.40091745688974,130.15916865093268,0.047648391611358074,Arm Movement
198,False,False,False,False,True,130.39739542507405,117.2767596323099,133.24017194514693,0.041722926534051755,Arm Movement
199,False,False,False,False,True,173.1304381718293,145.48142275859126,132.66710885224433,0.03600958858292954,Arm Movement
200,False,False,False,False,True,172.27012761735253,173.27539297109934,132.54197619739574,0.028665223476571362,Arm Movement
201,False,False,False,False,True,174.80194961413574,177.42744272290923,132.25853827870117,0.01523676048251757,Arm Movement
202,False,False,False,False,False,170.76502801283553,177.18730364505797,129.7598914350234,0.010785682449569787,Standing / Neutral
203,False,False,False,False,False,176.08675951084408,173.60297074903215,120.89791799230265,0.003686587978189608,Standing / Neutral
204,False,False,True,False,False,175.026759428076,177.4095085470085,115.55185368543333,0.002409340581926418,Squat
205,False,False,True,False,False,174.0642471308027,178.948581947411,110.16986040096563,0.004271054848517075,Squat
206,False,False,True,False,True,171.74094093477348,168.09506891099358,112.8470743459205,0.02412929740965169,Squat
207,False,False,True,False,True,162.08471686517876,160.46254606794906,103.68578472707944,0.08868876386196575,Squat
208,False,False,True,False,True,133.70402617850092,161.10322695328264,109.39917418159197,0.04599957689313165,Squat
209,False,False,False,False,True,144.1021398523547,172.1052323304115,127.29766970261069,0.06513944021937593,Arm Movement
210,False,False,False,False,True,155.1344422034409,157.09519271317967,135.36984635634508,0.05624653606755689,Arm Movement
211,False,False,False,False,True,164.08087225790987,134.67148581675278,148.40883131951637,0.045175396485881064,Arm Movement
212,False,False,False,False,True,172.69325403840745,119.4271172438957,166.46938289443426,0.03205585443094199,Arm Movement
213,False,False,False,False,True,136.19412252090382,122.47889070064134,168.23517953221062,0.029537862328386556,Arm Movement
214,False,False,False,False,True,107.10752145133866,144.57539239368342,170.84402819164984,0.030193759606587524,Arm Movement
215,False,False,False,False,False,127.38865446704526,168.40817629740818,172.61799790532967,0.01240716858884721,Standing / Neutral
216,False,False,False,False,False,134.80289727069868,165.08398152108958,162.85960196163907,0.009951556837272123,Standing / Neutral
217,False,False,False,False,True,142.16856826013887,160.88903650074508,152.84980154914672,0.07051516131283926,Arm Movement
218,False,False,False,False,True,151.37562355398663,140.67051841035905,147.55524048219513,0.023687710035588554,Arm Movement
219,False,False,False,False,True,128.12522728593018,123.54542028134108,143.44523405915552,0.029029984668910398,Arm Movement
220,False,False,False,False,True,141.5027472011798,107.34621852750755,145.8814918697121,0.04168725155791602,Arm Movement
221,False,False,False,False,True,175.51412202029596,101.71036330244686,145.13679112822393,0.04257346321733833,Arm Movement
222,False,False,False,False,True,153.84123005769854,91.00489859849185,155.87676102735253,0.042728698499990794,Arm Movement
223,False,False,False,False,True,149.36593540142653,100.27179728025662,162.60283874933162,0.029368949617714562,Arm Movement
224,False,False,False,False,True,157.43352726836986,129.51519041929464,164.61780367993967,0.02729560498302118,Arm Movement
225,False,False,False,False,False,150.82207268865997,121.05477207964037,168.12172814195247,0.013053209977397952,Standing / Neutral
226,False,False,False,False,False,148.2085061180089,114.67642947049141,172.4139842333313,0.007303297973358634,Standing / Neutral
227,False,False,False,False,False,142.81577689181168,108.51428587085559,173.94395335507096,0.004355147793799284,Standing / Neutral
228,False,False,False,False,True,111.30025684092989,69.45349194806555,166.54321079546685,0.2934831455416176,Arm Movement
229,False,False,False,False,True,109.10650758267752,132.18158525490756,168.69390483554574,0.04973681850351369,Arm Movement
230,False,False,False,False,False,113.36421998505365,136.65874309459045,170.65627585097306,0.013850046725888722,Standing / Neutral
231,False,False,False,False,True,152.52615395100023,136.833376115462,171.23377288269577,0.2655210038610209,Arm Movement
232,False,False,False,False,False,155.8769261653351,171.30271460722378,171.9531538913131,0.00817542397416026,Standing / Neutral
233,False,False,False,False,False,174.3882450449299,142.61057193505928,172.94582028252475,0.014816133449966835,Standing / Neutral
234,False,False,False,False,True,170.15442726496568,173.00066626686137,172.61854012609598,0.02366030474950074,Arm Movement
235,False,False,False,False,True,150.66984690700895,142.94055254232154,173.5901699890925,0.02954873443705186,Arm Movement
236,False,False,False,False,True,149.8376950169027,78.09377531640989,171.5845227748049,0.033663772053712064,Arm Movement
237,False,False,False,False,True,155.17830103292948,47.08334146667672,173.6991871012527,0.016403044909929474,Arm Movement
238,False,False,False,False,False,165.65686685752945,72.35761257764503,173.59783274997977,0.009941131320836329,Standing / Neutral
239,False,False,False,False,False,37.901180465164906,53.819342756813136,161.4930191460366,0.005121738984627513,Standing / Neutral
240,False,False,False,False,False,30.280325058398095,12.957453867252237,163.06151722021184,0.003907307185870421,Standing / Neutral
241,False,False,False,False,False,30.69782375356433,7.760031866644283,156.8957875930754,0.002713034924933015,Standing / Neutral
242,False,False,False,False,False,27.697585003754845,30.047564608914726,155.6025710350721,0.007880606988151172,Standing / Neutral
243,False,False,True,False,True,31.22879517152249,26.17581649279453,114.75240880964145,0.01559350495791596,Squat
244,False,False,False,False,False,38.92825719918097,39.21110119089928,138.76899381403499,0.006452824848646182,Standing / Neutral
245,False,False,False,False,False,54.737506481385125,53.42346763501567,135.46716199272367,0.008407339853325937,Standing / Neutral
246,False,False,True,False,False,69.01037982599344,51.54142217815815,103.57558752855944,0.00744233845229909,Squat
247,False,False,False,False,False,77.15519471289447,42.5635132277954,122.08430377461109,0.006349138967411215,Standing / Neutral
248,False,False,False,False,False,84.65444308203485,31.19798789052106,153.34236065900723,0.010950143413520207,Standing / Neutral
249,False,False,False,False,False,81.77819556847773,159.12463150158914,147.1282180594144,0.011011846838145043,Standing / Neutral
250,False,False,False,False,False,35.20801308294827,139.5727031287938,141.1858040889616,0.012619607348446388,Standing / Neutral
251,False,False,False,False,True,2.0040449854273232,108.08101593060834,150.2996948714563,0.06550127166010698,Arm Movement
252,False,False,False,False,True,2.788117742966675,108.76647855839374,155.99434890007015,0.018818652146889953,Arm Movement
253,False,False,False,False,True,177.00223661383393,100.59681427059613,160.431510486109,0.08119368478255692,Arm Movement
254,False,True,False,False,True,174.5810359280227,92.41767405212835,164.77284783311677,0.024659672414944635,Hand Raise
255,False,True,False,False,False,169.4421198627404,81.64096956729102,169.935584050457,0.010201041427606616,Hand Raise
256,False,True,False,False,False,158.93937979738962,44.59141605250479,171.32651287540773,0.011715768139336839,Hand Raise
257,False,False,False,False,True,140.588749025625,30.780851048250714,174.20291016831135,0.018948227693984084,Arm Movement
258,False,False,False,False,True,131.14810058778724,47.70205986125574,176.00775724736383,0.017996742038965622,Arm Movement
259,False,False,False,False,True,134.88108930780797,76.73366834811773,175.62261544048886,0.02242086677617609,Arm Movement
260,False,False,False,False,True,171.91857066857307,112.49749659399407,174.61866017884898,0.020533365266693027,Arm Movement
261,False,False,False,False,True,137.21721047482254,140.3505571728918,172.9826715530977,0.020000724206860145,Arm Movement
262,False,False,False,False,False,121.38917681310429,165.55270744813993,176.06791212977515,0.01090285143821452,Standing / Neutral
263,False,False,False,False,False,93.46491709615759,174.00756852123587,175.47320538397625,0.010818444278702374,Standing / Neutral
264,False,False,False,False,False,87.36451706887513,173.0717310801788,172.61627007562078,0.006740073798743495,Standing / Neutral
265,False,False,False,False,False,82.7551886879945,175.33806465709458,170.35017672629704,0.0042154975232593555,Standing / Neutral
266,False,False,False,False,False,82.17531548118815,175.18405515402716,168.3992106015728,0.002506407960974701,Standing / Neutral
267,False,False,False,False,False,81.69157982046073,175.5143604649146,167.6414854031345,0.005525662123170846,Standing / Neutral
268,False,False,False,False,False,79.66007658701447,176.25333348714116,166.72170815418917,0.001996824272668107,Standing / Neutral
269,False,False,False,False,False,75.60384625586748,174.92127487795423,165.4856169538571,0.0026583807654240333,Standing / Neutral
270,False,False,False,False,False,75.74793760623774,176.65160966596335,164.22011442203143,0.0033334455628628106,Standing / Neutral
271,False,False,False,False,False,75.44871698138697,176.4805630437176,163.53051182467198,0.004392662606413651,Standing / Neutral
272,False,False,False,False,False,72.69322607262971,177.83503099088887,163.25192370059284,0.002611088804819362,Standing / Neutral
273,False,False,False,False,False,67.62561721165302,178.896204621167,162.86259568716352,0.006456156006234761,Standing / Neutral
274,False,False,False,False,False,62.48703681794301,179.28043368918435,162.3824554022176,0.007107151591338359,Standing / Neutral
275,False,False,False,False,False,52.93923078033286,179.1182313314413,162.0646908393278,0.012379828104052713,Standing / Neutral
276,False,False,False,False,False,42.92602414961844,176.6897855291481,161.07650446198858,0.012651098861456102,Standing / Neutral
277,True,False,False,False,False,42.48631959424669,175.4254741176546,160.33056453673453,0.005691000640241913,Hand Raise
278,True,False,False,False,False,45.56136842557171,175.8801751072526,160.22205863998926,0.006335890559724167,Hand Raise
279,True,False,False,False,True,76.89839068217596,177.54736211843067,159.65705420859607,0.0173596543143698,Hand Raise
280,True,False,False,False,False,99.59958191344053,175.99584856575575,159.56560730067594,0.011192548244083618,Hand Raise
281,True,False,False,False,False,120.03857254111445,179.8018087190714,159.44084962278382,0.014904834490931657,Hand Raise
282,True,False,False,False,False,136.0260065951866,170.75611920251987,159.17782049953433,0.01426326640563113,Hand Raise
283,False,False,False,False,False,147.50706060093773,170.4954843982861,161.18508825967166,0.008986927272057174,Standing / Neutral
284,False,False,False,False,False,155.9413648015019,175.6094348341335,164.14479697191737,0.007829458820931558,Standing / Neutral
285,False,False,False,False,False,162.53386111997668,177.59116720867087,170.00387691544773,0.0026342011835957606,Standing / Neutral
286,False,False,False,False,False,168.30707924836676,169.7951550412612,172.45029150534322,0.0027136109392331483,Standing / Neutral
287,False,False,False,False,False,172.55073676108415,163.7254514846983,173.02125357081326,0.003519746319219971,Standing / Neutral
288,False,False,False,False,False,174.82199860861977,155.70860228265065,173.68599219444013,0.003886784756273359,Standing / Neutral
289,False,False,False,False,False,175.41812569834772,154.45829803297391,172.39317377977835,0.0019068266385208546,Standing / Neutral
290,False,False,False,False,False,174.8861291115711,150.4907762111842,170.0641486413895,0.0012646602159718276,Standing / Neutral
291,False,False,False,False,False,174.298140979537,159.62887346984414,168.34104253906597,0.0075935847618871285,Standing / Neutral
292,False,False,False,False,False,172.94992129499343,160.21733322044275,166.942913422117,0.001591727749564039,Standing / Neutral
293,False,False,False,False,False,175.11147653118888,157.76244535673487,164.59701824486837,0.004287584919514358,Standing / Neutral
294,False,False,False,False,False,178.56309245818352,154.60461601189138,164.5621709594064,0.009419977632633246,Standing / Neutral
295,False,False,False,False,True,179.65144695581643,148.98382785107577,162.36789645796532,0.017529814751246653,Arm Movement
296,False,False,False,False,True,179.00368986452494,142.57592734895084,158.7317887322045,0.019769392770814347,Arm Movement
297,False,False,False,False,True,163.31036957671617,137.13243811273512,156.400767312208,0.041771567982063204,Arm Movement
298,False,False,False,False,True,161.1942828448537,134.12533866860613,152.84578944208937,0.06258868827517255,Arm Movement
299,False,False,False,False,True,171.42185079938784,148.50327778031354,148.8556789050716,0.06509405694337621,Arm Movement
300,False,False,False,False,False,157.88004013131226,165.99416363142694,148.9219567520954,0.00941929646937449,Standing / Neutral
301,False,False,False,False,True,141.66132060669665,166.8871248879935,155.04533354929526,0.034128639176531854,Arm Movement
302,False,False,False,False,True,165.07776535318663,170.17641409735893,170.76086419138826,0.032570884079774404,Arm Movement
303,False,False,False,False,True,169.08854342395992,173.14068665605163,172.69156932371357,0.021683766844504113,Arm Movement
304,True,False,False,False,True,136.57780244040364,175.13403817574084,166.53641643595734,0.09888551088005693,Hand Raise
305,True,False,False,False,True,93.23049275182215,173.51319169809415,158.46483912555408,0.03940333225820389,Hand Raise
306,True,False,False,False,True,147.08375421714766,179.23582688085764,154.08954365871858,0.04826954621889552,Hand Raise
307,True,False,False,False,True,126.46160845930861,179.87246820894853,151.42830393713018,0.03742087532804411,Hand Raise
308,False,False,False,False,True,140.55034848283432,172.6258292043293,147.15486708225896,0.1178613288078319,Arm Movement
309,False,False,False,False,True,163.99748362197468,131.71910028854393,146.1314924046154,0.08282573087770781,Arm Movement
310,False,False,False,False,True,154.93688910457956,138.10448497114066,144.12129313859515,0.021765507154618544,Arm Movement
311,False,False,False,False,True,158.11056500686018,153.0886360361229,140.36046213801012,0.02231610573276383,Arm Movement
312,False,False,False,False,True,161.72237435390576,157.42828216029864,140.07226437819708,0.03383684178991569,Arm Movement
313,False,False,False,False,True,168.28223241336312,140.98717624256346,142.94234407322108,0.030556095314110028,Arm Movement
314,False,True,False,False,True,171.8313473578609,169.29779689940258,147.5030272342318,0.04736067305753004,Hand Raise
315,False,True,False,False,True,170.68985584240227,49.383058757828636,164.55179063854047,0.029917476789166463,Hand Raise
316,False,True,False,False,True,166.77326175988173,45.13426560063235,153.8699289045544,0.0373933127106436,Hand Raise
317,False,True,False,False,True,174.7433996775256,159.45947220240146,156.42328615284038,0.04693298178719272,Hand Raise
318,False,True,False,False,True,168.54254727765394,123.56844093728282,159.2558238097344,0.024832954184842576,Hand Raise
319,False,True,False,False,True,165.52412013039364,168.27761498719534,157.40257974612865,0.054797842757317174,Hand Raise
320,False,False,False,False,True,167.0684493199806,131.240219870301,152.805855073583,0.09488498675179523,Arm Movement
321,False,False,False,False,True,172.03667506756912,163.030445847288,140.38302521237574,0.04739421223494239,Arm Movement
322,False,False,False,False,True,0.09294718609423201,167.25458309555782,130.8095848482276,0.11767011237881699,Arm Movement
323,True,False,True,False,True,4.137730971436315,144.9207059074015,105.23358140659462,0.07393575666110574,Squat
324,True,False,True,False,True,175.92061679636868,168.77309993407678,108.13581634497493,0.10211595381486219,Squat
325,False,False,True,True,True,163.0626972131558,131.12218076674645,96.91694050132305,0.15395529837798846,Squat
326,False,False,True,False,True,22.73196106769315,130.99771378860447,100.86208615632194,0.027420017985121392,Squat
327,False,False,True,False,False,21.593652217246152,133.31923449444452,113.0980109203428,0.010959552051393342,Squat
328,False,False,False,False,True,83.13101025143261,139.99363863928522,150.01805909359211,0.03401351824954822,Arm Movement
329,False,False,False,False,False,109.92231440295915,158.1452617762037,170.27693509604407,0.014285799520054217,Standing / Neutral
330,False,False,False,False,True,128.89874843491268,169.46511349167596,164.9200565200377,0.017899299831346617,Arm Movement
331,False,False,False,False,True,133.327420210267,156.27075492813208,165.62565420556538,0.03703794476952949,Arm Movement
332,False,False,False,False,False,139.5579948316636,146.5922467493845,163.14672561980606,0.009178321416068249,Standing / Neutral
333,False,False,False,False,True,138.2634961718193,131.5410018171404,161.90613854536167,0.03108595660749082,Arm Movement
334,False,False,False,False,True,114.4298274488764,88.22522216094347,165.21622516095832,0.02432742223330966,Arm Movement
335,False,False,False,False,True,177.45071808157132,36.675292042807925,172.58880112475475,0.04337924733449733,Arm Movement
336,False,False,False,False,True,79.89295760956094,36.779391771318025,171.64158670221673,0.021042104305252572,Arm Movement
337,False,False,False,False,True,68.92865567230946,39.166118090287505,169.78633370672054,0.01567919127885556,Arm Movement
338,False,False,False,False,True,66.58788270633495,64.075384441957,169.33065559336987,0.018521602714957973,Arm Movement
339,False,False,False,False,False,67.26620563988602,102.26576300387268,172.64282342396052,0.005066731378741492,Standing / Neutral
340,False,False,False,False,False,70.4293211267942,126.97985364441287,174.49490837169628,0.008586404061716305,Standing / Neutral
341,False,False,False,False,False,81.99960688339294,150.63464256006637,173.24083616305018,0.012961544408746242,Standing / Neutral
342,False,False,False,False,True,170.04937680460608,93.85170044091116,177.79057416335363,0.23568535231439047,Arm Movement
343,False,False,False,False,False,150.55553193224847,116.47493415843925,175.2058926285353,0.014588775753894459,Standing / Neutral
344,False,False,False,False,True,163.879131029287,135.6474492942235,174.77601151390866,0.02828599038419247,Arm Movement
345,False,False,False,False,False,162.5012147467422,140.91336537704493,174.1510023909106,0.005697361295583633,Standing / Neutral
346,False,False,False,False,True,149.76273587079012,162.45887858802146,170.4186782700603,0.2031418481048315,Arm Movement
347,False,False,False,False,False,152.31465098960572,163.90920712060407,168.88477881376983,0.01352568942167995,Standing / Neutral
348,False,False,False,False,False,152.67192445547283,166.98578846376037,170.51329158234813,0.004714172196465638,Standing / Neutral
349,False,False,False,False,False,141.87498474552834,166.2269859271177,171.33940024554641,0.013785918410846263,Standing / Neutral
350,False,False,False,False,True,130.9760022177523,157.60874542930952,169.82358270334197,0.02566627618478056,Arm Movement
351,False,False,False,False,False,124.47809436239086,167.49232828451525,168.80906387827832,0.013585707108687763,Standing / Neutral
352,False,False,False,False,False,122.00709290699193,148.33186905377684,165.66623774876092,0.011282777256860173,Standing / Neutral
353,False,False,False,False,False,127.80948367751134,138.08778989474746,165.89192389151395,0.007944588938326683,Standing / Neutral
354,False,False,False,False,False,127.16215816217897,147.18250236318985,166.95572316489586,0.010557166271798785,Standing / Neutral
355,False,False,False,False,True,147.1780162288228,146.63749000307976,167.50573698993506,0.015277140831049908,Arm Movement
356,False,False,False,False,False,176.12087578723475,163.73313124128362,167.15688686257624,0.012243078112193587,Standing / Neutral
357,False,False,False,False,False,172.11897117078837,178.09246986432046,167.49577361318543,0.00560558777899426,Standing / Neutral
358,False,False,False,False,False,171.1565420644601,177.375103592124,167.590844892343,0.00962007559703266,Standing / Neutral
359,False,False,False,False,False,167.33478692337448,175.35285548131924,166.2574235400997,0.009356653270406598,Standing / Neutral
360,False,False,False,False,False,168.2904578909356,168.77433589904174,162.09136119056447,0.009270850387910933,Standing / Neutral
361,False,False,False,False,True,163.03124488584737,162.48941602206236,163.06829996183723,0.025532872298821896,Arm Movement
362,True,False,False,False,True,32.479075731752474,20.138127110709487,160.40349880373458,0.09480959612089836,Hand Raise
363,True,True,False,False,True,143.49468633059044,92.83180082228765,155.7996859862734,0.035974527898880726,Hand Raise
364,True,True,False,False,True,165.82626380336706,142.90569671713192,153.53882253833564,0.04179878927276173,Hand Raise
365,True,True,False,False,True,178.1088422101747,136.68485227425072,157.64406937451793,0.02850339880743187,Hand Raise
366,True,True,False,False,False,156.32895148198332,139.50397860077078,149.81709828914026,0.013361320168585225,Hand Raise
367,True,True,False,False,False,141.89151163141645,138.6416412868894,143.95375612668008,0.013928877799121175,Hand Raise
368,True,True,False,False,True,116.09455556206706,112.6062288139353,148.36878501898207,0.021837631256422824,Hand Raise
369,True,True,False,False,True,90.988814529194,169.9494145987268,127.71202996563346,0.017145926745081655,Hand Raise
370,True,True,True,False,False,176.95782130545112,145.07030611268493,119.95255035320409,0.012840295877531662,Squat
371,True,True,True,False,True,171.63866549988705,106.83825250193541,87.22528803319915,0.01891822096872373,Squat
372,True,True,True,False,True,151.09855645605128,90.49543587460234,84.2154973574552,0.01947927737887036,Squat
373,True,True,True,False,True,143.18104431037776,40.87238542753694,87.77887241750048,0.02351327985730826,Squat
374,True,True,True,False,False,117.40693232655926,86.39167517461036,90.4285363415898,0.009099241660575366,Squat
375,True,True,True,False,False,85.98918606854784,51.063677027990025,77.25021404129318,0.012089828248044693,Squat
376,True,True,True,False,False,74.92196628333693,60.82563468448181,36.08004275386778,0.00920516247530464,Squat
377,True,True,True,False,False,62.44407985152477,51.51097207742561,28.926122621957308,0.007422681330475578,Squat
378,True,True,True,False,False,47.41195992123523,46.68775917072449,26.56969337625424,0.006969537567409052,Squat
379,True,True,True,False,False,36.55974968163272,45.30186224362814,25.766166318556806,0.008401969158916054,Squat
380,True,True,True,False,False,28.656261701876893,42.046100170191984,26.027295463903087,0.010032018421164727,Squat
381,True,True,True,False,False,25.45648896626413,36.234257690142734,23.967412207602106,0.005795676619917622,Squat
382,False,False,True,False,False,24.735906579411942,33.66095317541338,22.135531901987246,0.008067311359078073,Squat
383,False,False,True,False,False,25.148945602947077,34.97504691705451,23.364676036405672,0.009026802789864105,Squat
384,False,False,True,False,False,31.75080172090162,38.075704152328925,31.912720338380282,0.010922389890176503,Squat
385,False,False,True,False,False,36.07281152318605,40.653937586865844,32.886045856949764,0.007910518649370075,Squat
386,False,False,True,False,False,42.67369471384145,46.96429305993175,28.905694610326297,0.009610515274658199,Squat
387,False,False,True,False,False,52.700028582139275,50.154249121062534,27.96777809896537,0.011751708272084882,Squat
388,False,False,True,False,False,62.2879958655171,51.459960757207554,26.422252350175953,0.010180285044022803,Squat
389,False,False,True,False,False,73.74220631380472,64.49624646803949,31.397403756326256,0.014686230536810153,Squat
390,False,False,True,False,True,86.39070385194066,89.88792707745053,25.456277778389985,0.01576443092886248,Squat
391,False,False,True,False,False,101.23624658285814,147.62800025467237,22.262653831751457,0.012967859442597568,Squat
392,False,False,True,False,True,120.19707130778995,168.7277718427063,30.298039373187706,0.01713880823615701,Squat
393,False,False,True,False,False,113.72057223064137,166.1404841218161,30.320540428068433,0.01147739510567769,Squat
394,False,False,True,False,True,117.66811237689326,140.4469720379108,27.99618814794892,0.015412922648256548,Squat
395,False,False,True,False,True,125.38988933423185,129.63073848270616,18.88561723467677,0.01726594613299305,Squat
396,False,False,True,False,False,129.61459119781904,123.06396015531062,38.8451337361889,0.011746115759466182,Squat
397,False,False,True,False,False,140.46522500641268,119.23525258620538,48.61961045936819,0.012566639428119801,Squat
398,False,False,True,False,False,154.78228552748362,119.1038283790301,53.88046121855815,0.010637724967097365,Squat
399,False,False,True,False,False,164.22347938253597,115.26502135477251,53.27825330905276,0.008187019983240482,Squat
400,False,False,True,False,False,178.89861320305963,107.21151471993929,54.99753531411959,0.013815102401675342,Squat
401,False,False,True,False,True,173.76275745533917,104.81183016037825,65.63703916054446,0.032155639406477754,Squat
402,False,False,True,False,True,166.86470726579245,113.25726625962001,66.67495702186945,0.052207017075377414,Squat
403,False,False,True,False,True,149.9495157255579,160.6906651120148,68.9086039769164,0.038571823401237014,Squat
404,False,False,True,False,True,157.47857377525514,144.14782789443993,69.91603838075632,0.034833441453003676,Squat
405,False,False,True,False,False,160.6868199257398,100.32810059411275,69.7305943412302,0.012615681698420285,Squat
406,False,False,True,False,False,156.5150147527915,84.19141923737438,68.41862122068409,0.012204180434570007,Squat
407,False,False,True,False,True,95.5806991352744,95.76259068041875,67.8438567474257,0.06150344642977325,Squat
408,False,True,True,False,True,73.33072615489925,154.21437768300345,65.56111762655459,0.09813508776090746,Squat
409,False,True,True,False,True,65.06522049511615,149.86126824351004,61.69067692647196,0.06318210275789235,Squat
410,False,True,True,False,True,70.12875622037976,154.36340026265805,56.83978813901246,0.042843402176500484,Squat
411,False,True,True,False,True,89.97627073270769,162.86375924732576,58.859406368030626,0.04615910009842011,Squat
412,False,True,True,False,True,110.67276306627562,138.5331376386793,57.81059579722022,0.06454375362993969,Squat
413,False,False,True,False,True,136.0647788506803,128.2164711156276,57.87754908208425,0.046310505152708265,Squat
414,False,False,True,False,True,150.39465485352108,148.52706727471366,58.572396608629354,0.03659185419279394,Squat
415,False,False,True,False,False,154.26294774189427,147.99111551482295,57.91867732539686,0.008588331599906088,Squat
416,False,False,True,False,False,160.18715918630315,157.3012066011466,57.47213983624073,0.007355629012411893,Squat
417,False,False,True,False,False,164.67507034991888,152.9232710604246,56.256598044779516,0.01270221846808776,Squat
418,False,False,True,False,False,165.3741881438139,153.2362631278131,54.9897124057559,0.003529436656587729,Squat
419,False,False,True,False,False,168.2674988115,153.52985095880805,55.336116584884095,0.007104261647793103,Squat
420,False,False,True,False,True,173.8897303185622,176.70451254681754,59.49544968229796,0.01893922752013508,Squat
421,False,False,True,False,False,178.03489547554406,161.4669037048575,58.54301072351055,0.007377349719325407,Squat
422,False,False,True,False,False,176.81866272682998,137.6960718560031,56.15308310798681,0.009310011336023627,Squat
423,False,False,True,False,False,165.89783096583568,133.41774273812894,54.650381468714784,0.00873579136262993,Squat
424,False,False,True,False,True,154.14849568420556,164.68773498944842,64.80384139592027,0.055079017061372484,Squat
425,False,False,True,False,True,134.88566633081516,108.77455141358357,65.60711583932287,0.03572259286674946,Squat
426,False,False,True,False,True,129.34206079314717,152.49792437717096,70.0838703581129,0.02084764304479021,Squat
427,False,False,True,False,True,142.04347436927787,87.62512031853844,68.39197933422595,0.02518430566503739,Squat
428,False,False,True,False,True,177.67001648573245,62.7586389041314,65.32713196088129,0.03345364243037886,Squat
429,False,False,True,False,True,179.48871377757456,71.230683166775,65.35141378920687,0.05388993986167055,Squat
430,False,False,True,False,True,166.97748619683884,82.52024808965336,89.59032217903962,0.03236370704232949,Squat
431,False,False,True,False,True,170.8473716223422,116.19633849658771,88.00150004740175,0.02867144221009943,Squat
432,False,False,True,False,True,164.15538910656133,155.426486705373,79.0525979857698,0.023264705591781294,Squat
433,False,False,True,False,True,163.09837254049847,161.37169204092532,72.0642943082809,0.015851687810776713,Squat
434,False,False,True,False,True,148.29917363578232,164.78706663989212,65.78356109463945,0.041683622261063084,Squat
435,False,False,True,False,True,143.2088806231201,173.53418710968205,63.44510590249584,0.026926700695784928,Squat
436,False,False,True,False,True,118.40987135363245,176.9411992370714,51.641558732693255,0.01629024030773652,Squat
437,False,False,True,False,True,138.97110071324482,178.87513193464332,39.535052601664155,0.028682925822029057,Squat
438,False,False,True,False,False,140.11366012449247,178.98767846438028,24.05941684048244,0.010770670139489177,Squat
439,False,False,True,False,False,138.08347783771194,179.9341803817716,45.9204272244139,0.008760964814204669,Squat
440,False,False,True,False,True,148.78111406279888,177.19155740534316,93.95060635277817,0.017138861783523675,Squat
441,False,False,True,False,False,154.93946772371663,174.4718382763125,119.23965037807801,0.014675631463175699,Squat
442,False,False,True,False,False,152.59166115581894,175.13276349661783,100.82901232179904,0.008152456670978865,Squat
443,False,False,False,False,True,147.45782722911852,171.46720747039203,143.0840321929004,0.015824548923031694,Arm Movement
444,False,False,False,False,True,125.5894770697619,158.34720960692545,157.85073630818778,0.024135143210014087,Arm Movement
445,False,False,False,False,True,87.4118146161275,142.79506652890197,160.65782594073056,0.05140746143290631,Arm Movement
446,False,False,False,False,True,15.989928760188976,85.37512613221031,142.18431434173385,0.03829024602195549,Arm Movement
447,False,True,False,False,True,6.860571488831621,60.81235281619168,160.09632657294176,0.04029706135003862,Hand Raise
448,True,True,False,False,True,18.345518053900037,83.26560705988973,164.7007278019127,0.02778721080264028,Hand Raise
449,True,True,False,False,True,1.4326025836397611,56.557075126488705,171.28554721068005,0.02417936073113833,Hand Raise
450,True,True,False,False,False,8.603175252437351,38.81873086949392,176.19550761333375,0.009587727077329205,Hand Raise
451,True,True,False,False,False,8.911026188010746,13.486036490331166,173.94962577322946,0.012888006268092184,Hand Raise
452,False,False,False,False,False,1.05440831387215,0.9223437851808851,170.55894790757355,0.011517224520930715,Standing / Neutral
453,False,False,False,False,False,3.2001140037945977,1.994027689923853,162.06231993695366,0.012750387338482602,Standing / Neutral
454,False,False,False,False,True,6.42151107707835,6.2857304176718,155.48218953539381,0.015139195710665413,Arm Movement
455,False,False,False,False,False,0.80092392133413,9.602584537875579,160.11532804341618,0.0037534354121623228,Standing / Neutral
456,False,False,False,False,False,9.485464049475214,16.077393721255174,154.33091850286638,0.004669068046989316,Standing / Neutral
457,False,False,False,False,False,27.723370301182687,22.03672421210993,132.97196411980036,0.004407463940326791,Standing / Neutral
458,False,False,False,False,False,32.78141673939854,30.84458287323965,132.95254096333366,0.006076731053070439,Standing / Neutral
459,False,False,False,False,False,34.82084400376722,37.050959768348946,148.8250473070729,0.0014754488066929983,Standing / Neutral
460,False,False,False,False,False,34.244424675656134,41.641385529696635,162.76159088009382,0.0012438275293064432,Standing / Neutral
461,False,False,False,False,False,78.86471013885144,49.95376267759643,170.34398446783888,0.0015080169474150054,Standing / Neutral
462,False,False,False,False,False,75.19992683035422,56.743536220257226,177.28242466497426,0.007297895373931364,Standing / Neutral
463,False,False,False,False,False,90.78002907065608,80.2449117364736,173.510919784872,0.014593348199886622,Standing / Neutral
464,False,False,False,False,True,107.16866285960762,178.17232078318446,156.9040356449209,0.015583639296821192,Arm Movement
465,False,False,False,False,True,117.55007699340285,147.8376546210194,148.45791413874758,0.015390401103644168,Arm Movement
466,False,False,False,False,False,139.65831208338764,172.97678948210924,155.68018246359935,0.011096683409557474,Standing / Neutral
467,False,False,False,False,False,179.9677310481322,170.37261688842162,164.98425022746184,0.0058673469605837305,Standing / Neutral
468,False,False,False,False,False,178.80079933253964,174.38514100050304,174.10844027111506,0.011086235607361185,Standing / Neutral
469,False,False,False,False,True,150.05975493341288,112.90577806152267,176.59800698518825,0.02205253116212129,Arm Movement
470,False,False,False,False,True,97.89428922351175,112.28756917026953,175.2267700651769,0.01912192047719517,Arm Movement
471,False,False,False,False,True,68.00730069090838,102.10302440525764,174.9781375473911,0.015140570044854383,Arm Movement
472,False,False,False,False,True,36.89883827313879,91.88714048847035,176.05563002324786,0.019894906927884093,Arm Movement
473,True,False,False,False,True,22.223174907306422,57.87989344302082,177.3238751450997,0.02330205882264154,Hand Raise
474,True,False,False,False,True,11.741826409944247,13.72024717991742,179.1963787145877,0.02561147799051803,Hand Raise
475,True,True,False,False,True,9.941485867977766,7.575444600847895,178.83627262450406,0.025883039284813874,Hand Raise
476,True,True,False,False,False,23.263263994260654,9.22603943488564,179.1467094111176,0.013980155820403186,Hand Raise
477,True,True,False,False,False,30.69746925807145,15.83120715456964,178.88396656312383,0.014703466158389635,Hand Raise
478,True,True,False,False,True,49.36894586935449,72.76010447938026,178.82003801047455,0.017670188969174924,Hand Raise
479,True,True,False,False,True,58.23696807149833,67.19832031782167,178.3534235754231,0.02045358843488241,Hand Raise
480,True,True,False,False,True,63.578993788819766,64.77137978309116,177.0834939571131,0.03357057861963862,Hand Raise
481,True,True,False,False,True,57.68626721062864,56.04590452489581,176.8114257965197,0.02480763560632479,Hand Raise
482,True,True,False,False,True,54.63879013481204,55.86917914513031,176.22634243059045,0.02108300508086291,Hand Raise
483,True,True,False,False,True,63.985869266996566,63.26373186683308,175.3321305711326,0.025958873018468418,Hand Raise
484,True,False,False,False,True,71.36861346737814,45.06986154271635,175.02178428826693,0.02791824057529639,Hand Raise
485,False,False,False,False,True,106.95670811044378,30.96015722117296,174.39861708663372,0.025883584444965416,Arm Movement
486,False,False,False,False,True,136.01364529649103,122.5304813291632,173.03131865780438,0.031960591166159076,Arm Movement
487,False,False,False,False,True,115.25708540721536,108.09908473858414,171.2202940909422,0.04025106647103169,Arm Movement
488,False,False,False,False,True,83.2053745681493,101.96497937680606,168.95880331498535,0.02159294040394244,Arm Movement
489,False,False,False,False,True,68.00436348688022,93.43511377869791,168.0074082248373,0.021351266232290677,Arm Movement
490,False,False,False,False,False,62.53084009164294,82.74607422019393,168.89889629739037,0.012476139327249784,Standing / Neutral
491,False,False,False,False,False,84.9121981887763,80.33331654167917,168.63809600924833,0.01224581287209963,Standing / Neutral
492,False,False,False,False,True,53.85416440676173,42.56920182043943,168.71806503470495,0.03637208653839079,Arm Movement
493,True,True,False,False,True,16.531132180402675,11.245121074744384,165.7346915829479,0.031374048439472224,Hand Raise
494,True,True,False,False,True,65.29352381284461,69.66682567330429,163.51878532660567,0.0346877259453441,Hand Raise
495,True,True,False,False,True,74.8419866406802,68.05816908508098,166.70517278292044,0.019120265633335708,Hand Raise
496,True,True,False,False,True,72.67755055836346,54.249342013854765,163.7211962156615,0.016851957339166387,Hand Raise
497,True,True,False,False,False,53.703825524302495,46.64286208733134,161.81983681876852,0.010133879729268372,Hand Raise
498,True,True,False,False,False,44.49589338813034,40.12433188978779,163.41171869170603,0.01082749555944469,Hand Raise
499,True,True,False,False,False,37.63361509933875,38.36653199887664,167.87626872150167,0.01299926184160581,Hand Raise
500,True,True,False,False,False,38.209328463085875,40.05997049873871,170.64066604042569,0.009823947672491791,Hand Raise
501,True,True,False,False,False,38.7043231969844,47.41335176973608,170.66315213165745,0.011283689782318251,Hand Raise
502,True,True,False,False,False,41.056248564309215,58.11984789008168,175.10672170846607,0.014320130906151519,Hand Raise
503,True,True,False,False,True,43.308451301632616,80.58098250775608,175.37679326316442,0.018654836453145567,Hand Raise
504,False,False,False,False,True,59.45576800336426,84.21066900907843,177.08876205641604,0.017454405316480973,Arm Movement
505,False,False,False,False,True,68.27769625201122,88.51186943150172,177.213120786285,0.016353049021655467,Arm Movement
506,False,False,False,False,True,78.4743588101834,101.53676309359572,175.47741348397523,0.019074872459030463,Arm Movement
507,False,False,False,False,True,85.47297890710118,112.96422334722841,172.0514973999219,0.017050082790630056,Arm Movement
508,False,False,False,False,True,100.45449737951687,123.98822885618729,173.57292612838216,0.017295135964546925,Arm Movement
509,False,False,False,False,False,107.44548507674136,135.0897132965497,177.00054274477833,0.012553151370408713,Standing / Neutral
510,False,False,False,False,False,116.56991595381798,143.90930642111687,174.26701634785974,0.009585854662046488,Standing / Neutral
511,False,False,False,False,False,123.09421383740836,154.14283244122365,176.6891045347215,0.009968435573718352,Standing / Neutral
512,False,False,False,False,False,135.39924427375541,165.2368847937044,175.39246200000608,0.012274964918412228,Standing / Neutral
513,False,False,False,False,False,143.85475367759042,172.56843885138977,178.3931508046672,0.005475394900236557,Standing / Neutral
514,False,False,False,False,False,153.94125871613647,179.19670192835792,177.3262938634184,0.004048657314999925,Standing / Neutral
515,False,False,False,False,False,164.39746724114855,174.94882695139404,177.20182333845108,0.004945301742590101,Standing / Neutral
516,False,False,False,False,False,174.89645222043248,170.85709512787034,177.61906858917234,0.0048446180905591975,Standing / Neutral
517,False,False,False,False,False,173.46309716310176,168.8732319211529,177.50004108530356,0.0039906883042808,Standing / Neutral
518,False,False,False,False,False,167.3395110895512,164.23046553025898,179.15300034613097,0.003706986370932002,Standing / Neutral
519,False,False,False,False,False,162.04096506410895,159.4653094706161,179.27338342840125,0.0015256099306047096,Standing / Neutral
520,False,False,False,False,False,156.268774654515,155.57088787615578,175.95697380652012,0.001989471988508169,Standing / Neutral
521,False,False,False,False,False,149.59833246982845,155.26406302064152,176.78838797955203,0.0009375949621012293,Standing / Neutral
522,False,False,False,False,False,142.58286851528655,150.94998684545797,177.21773353271948,0.0027083017725049096,Standing / Neutral
523,False,False,False,False,False,138.65051158722153,155.327271761397,177.90668482923377,0.002919698545251331,Standing / Neutral
524,False,False,False,False,False,136.64442374693525,153.3039153972133,178.07674087807214,0.0032564701174555848,Standing / Neutral
525,False,False,False,False,False,133.76832994293457,147.38366633541148,174.28504814430187,0.007892367863333947,Standing / Neutral
526,False,False,False,False,False,123.90934112234555,141.40934578446917,176.9968169914305,0.009003809728669616,Standing / Neutral
527,False,False,False,False,False,116.61364322776441,144.3419423410229,178.6778639908467,0.006215302390761625,Standing / Neutral
528,False,False,False,False,False,111.98761702301843,152.0722848472286,176.07783481170398,0.012092671315877128,Standing / Neutral
529,False,False,False,False,True,114.52889297396759,107.5211384286447,177.63795063287463,0.02636099251684215,Arm Movement
530,False,False,False,False,True,127.12132817768074,3.8906614084852147,174.95351998835687,0.036301940301004795,Arm Movement
531,False,True,False,False,True,151.04865292475455,13.298169606463174,170.9371065915499,0.021897508441128387,Hand Raise
532,False,True,False,False,True,164.65803726109692,26.645891327709236,153.3101337154258,0.020785676744046945,Hand Raise
533,False,True,False,False,True,168.32261050004857,19.117643233264612,169.8545168284092,0.022684848346568868,Hand Raise
534,False,True,False,False,True,126.65522262791437,6.688432532623522,172.43034914613048,0.01819282364983108,Hand Raise
535,False,True,False,False,True,118.27855327451569,3.3171965406466026,168.6625256609318,0.025538516502713222,Hand Raise
536,False,False,False,False,True,89.80853530939244,41.38584210444662,166.38694755411825,0.02662543037601114,Arm Movement
537,False,False,False,False,True,77.47286274592794,126.95025535131303,164.1570049318468,0.029638995450780796,Arm Movement
538,False,False,False,False,True,77.03010061040364,149.32275472568784,162.38862512342473,0.029950810735024633,Arm Movement
539,True,False,False,False,True,70.74437511523332,172.14244030984662,160.02409379109727,0.02865503264155627,Hand Raise
540,True,False,False,False,True,55.02467089177071,169.6194013925831,160.57918220032627,0.025092483501081685,Hand Raise
541,True,False,False,False,True,63.22956060248242,174.73066422627528,162.1778620944204,0.019783411636891665,Hand Raise
542,True,False,False,False,False,63.853155137219844,176.77781881715063,164.06287608054294,0.011968568519104085,Hand Raise
543,True,False,False,False,True,67.12615850599855,173.58078620488237,164.52863145387838,0.015953988429033297,Hand Raise
544,True,False,False,False,True,66.95416685835109,172.36571094330327,165.16182931900846,0.015880074556140968,Hand Raise
545,True,False,False,False,False,67.91974745071116,175.14135159092157,166.4122141102527,0.011347042262816676,Hand Raise
546,True,False,False,False,True,50.119761578337844,176.38585286463876,166.3879613864906,0.01797110682550057,Hand Raise
547,True,False,False,False,False,32.00273439529538,178.8159950723555,166.46908782118248,0.014529700434708609,Hand Raise
548,True,False,False,False,False,16.65859782188345,173.55626150012625,170.61143688780106,0.013922243554431071,Hand Raise
549,True,False,False,False,False,3.052357404287256,163.657444544547,171.35794958077966,0.01339203957133685,Hand Raise
550,True,False,False,False,False,0.06238509509227203,153.1940743683972,173.18030354759716,0.008690924263977714,Hand Raise
551,True,False,False,False,False,0.43138719180350343,140.51197663398298,172.2048468935248,0.009392591469733938,Hand Raise
552,True,False,False,False,True,1.3189434487291598,113.97786676490604,174.45486196463065,0.016624649801602887,Hand Raise
553,True,False,False,False,True,4.431107594574735,85.78705472151562,175.34735602480845,0.018185406973694626,Hand Raise
554,False,False,False,False,True,20.027812649674523,63.58938921871193,168.0064001202798,0.02908084092311413,Arm Movement
555,False,False,False,False,True,145.43071083005466,47.045702608790656,159.49802934939015,0.06053549278759757,Arm Movement
556,False,False,False,False,True,178.8576525774061,45.586043864089284,154.73959050461536,0.027212439429226055,Arm Movement
557,False,False,False,False,False,173.3590863478035,47.186422730238434,154.13219851350573,0.01231606601913689,Standing / Neutral
558,False,True,False,False,False,173.11826145579565,53.53117618403886,154.7247472022852,0.011065096805428967,Hand Raise
559,False,True,False,False,True,173.81007049338595,42.802607699450384,157.22153488843782,0.018161366240129193,Hand Raise
560,False,True,False,False,True,171.0897728437583,28.72291983931612,159.87039920039575,0.01631336112186068,Hand Raise
561,False,True,False,False,False,171.05094811693726,31.65065247634224,159.717508407216,0.008145504236842757,Hand Raise
562,False,True,False,False,False,167.08933787607376,30.716463361159693,157.44709805836064,0.007674966867331209,Hand Raise
563,False,True,False,False,False,165.1460090046856,26.86012831470721,155.52830337227567,0.006573348187391468,Hand Raise
564,False,True,False,False,False,163.8170402814865,22.968691984740286,154.29564348325164,0.009998814584102128,Hand Raise
565,False,True,False,False,False,162.36739199466933,23.31476331591792,151.65026972926879,0.009318341247612914,Hand Raise
566,False,False,False,False,True,154.62950230288357,29.672456825040186,151.07693743275885,0.016675007654257154,Arm Movement
567,False,False,False,False,True,139.1326665594422,40.226715988473664,149.74008259965126,0.02390551761578681,Arm Movement
568,False,False,False,False,True,128.833704929904,53.08701591644406,147.45371548326233,0.020345724578562905,Arm Movement
569,False,False,False,False,True,122.13686146174342,78.38516958802383,138.6890235713922,0.028908711072871025,Arm Movement
570,False,False,False,False,True,96.12326293911764,101.78670666520294,126.60117041529622,0.03826943802420294,Arm Movement
571,True,False,True,False,True,112.37728322703504,138.5089384916992,114.08961892757621,0.03962371247907427,Squat
572,True,True,True,False,True,143.68480454143256,168.315799746336,99.2895744806041,0.03527685584587856,Squat
573,True,True,True,False,True,163.3647139589169,173.89691370735065,105.73497742080573,0.01778430117641598,Squat
574,True,True,True,False,False,165.58381819285003,176.8485891377737,112.90413500935972,0.011990044692982604,Squat
575,True,True,False,False,False,155.56706023169343,178.10983508699894,127.00425653740349,0.012206731343820745,Hand Raise
576,True,True,False,False,True,138.58740425060608,174.79081037591888,136.0021168514425,0.01592625037249408,Hand Raise
577,True,True,False,False,True,114.7969963359136,179.88496861943133,147.04853770504042,0.03569978015300518,Hand Raise
578,True,True,False,False,True,85.02903576957502,2.3228638409910345,159.29819217048276,0.036714182833568955,Hand Raise
579,False,True,False,False,True,64.45358794539573,9.303446035097286,166.15065745676196,0.01849264597469797,Hand Raise
580,True,True,False,False,False,77.71191759987146,13.012817688159398,169.04388734806997,0.012002271686543083,Hand Raise
581,True,True,False,False,False,53.44332153617996,17.97728157434341,166.00137311529852,0.014056081151903238,Hand Raise
582,False,True,False,False,True,170.0916198544109,22.607231411088094,157.7362911969908,0.026460386572858246,Hand Raise
583,False,True,False,False,True,45.81572874987741,37.47271897339728,149.42522480465635,0.01950668989648496,Hand Raise
584,False,False,False,False,True,49.60259134474774,76.09862474731807,140.3164711796972,0.016974272137853325,Arm Movement
585,False,False,False,False,True,154.1535528792808,114.04994365173685,132.65416571579078,0.038806402853321126,Arm Movement
586,False,False,False,False,True,174.10014138803703,138.41246139519598,131.86878259307986,0.030792789219615965,Arm Movement
587,False,False,False,False,True,170.41570333835622,162.9016587639528,131.79168498222919,0.025244278092243708,Arm Movement
588,False,False,False,False,True,151.8763402082673,174.25562360983048,130.95586365797044,0.019025546308761614,Arm Movement
589,False,False,False,False,True,153.05136458362708,179.73376154311103,127.54880959875508,0.017819677257184776,Arm Movement
590,False,False,False,False,False,150.89449118477475,179.18600180575183,129.88470197387966,0.012184668930813835,Standing / Neutral
591,False,False,False,False,False,139.90745108281294,178.0100473321563,137.45345913779488,0.010438942653738573,Standing / Neutral
592,False,False,False,False,True,115.38204989421462,175.49794214059236,141.98673933238823,0.027043976890763356,Arm Movement
593,False,False,False,False,True,104.23699734233298,170.9617914793238,143.4809201120308,0.023913529215034673,Arm Movement
594,False,False,False,False,True,167.40780040957392,170.98960170730203,148.80607681545467,0.05575882200121099,Arm Movement
595,False,False,False,False,True,150.54685584785673,168.71357921496693,151.47037808025445,0.016538333539040058,Arm Movement
596,False,False,False,False,True,76.34728905584744,164.24915517106962,157.19735963374805,0.066733185337904,Arm Movement
597,True,False,False,False,False,61.41051960762495,163.47963011080336,157.3673682004226,0.009456130435868865,Hand Raise
598,True,False,False,False,False,42.10997311890544,166.27319814060246,161.84456919671968,0.013568850820986487,Hand Raise
599,True,False,False,False,False,37.67857662872052,170.39534069974746,162.4446980865684,0.006490519944027535,Hand Raise
600,True,False,False,False,False,34.5890978696027,169.02588360936957,163.49469723291213,0.004333562361359605,Hand Raise
601,True,False,False,False,False,34.28703679900189,165.2946961139879,163.5709228406373,0.002407743796332254,Hand Raise
602,True,False,False,False,False,33.69875229554131,163.2721123365831,164.11124573759037,0.0009672923006147243,Hand Raise
603,True,False,False,False,False,37.746590907236694,162.04666607465595,164.81419189694316,0.0024055570349746824,Hand Raise
604,True,False,False,False,False,52.00257675104313,162.8581234665163,166.4748631680489,0.010123735290854493,Hand Raise
605,True,False,False,False,False,75.46146106397337,162.01963654946618,166.3844724962932,0.012456862974139926,Hand Raise
606,True,False,False,False,False,107.62925191597463,162.30489304771115,165.31266485980268,0.007023517149973471,Hand Raise
607,True,False,False,False,True,135.88223969955556,166.91375468885641,166.29325257945575,0.025112499382394675,Hand Raise
608,True,False,False,False,False,139.44668628630623,173.9786095738921,166.04979227200718,0.013978995291330997,Hand Raise
609,False,False,False,False,False,142.64477647089453,174.7036467614064,166.37722476459177,0.013193337509592961,Standing / Neutral
610,False,False,False,False,True,154.55902620373192,178.42627987007953,164.63632848659984,0.01812110160213862,Arm Movement
611,False,False,False,False,False,160.32435716130925,176.30487828732265,161.95229753265096,0.012397800425233614,Standing / Neutral
612,False,False,False,False,False,158.368266899962,179.13641333919242,159.324714985034,0.009016737512051379,Standing / Neutral
613,False,False,False,False,True,158.69044513686302,175.71649521224467,159.34443477269764,0.02721309978316207,Arm Movement
614,False,False,False,False,True,164.1844783974355,169.25735882094966,155.67878211199564,0.01990924744159092,Arm Movement
615,False,False,False,False,False,164.75208756868415,166.17901592262515,156.9890884768696,0.006412837831538293,Standing / Neutral
616,False,False,False,False,False,158.96509862695342,164.24364222344394,155.61289457966078,0.008348400085861721,Standing / Neutral
617,False,False,False,False,False,151.72683729033278,161.68359478781647,152.2830827433546,0.00766096439218256,Standing / Neutral
618,False,False,False,False,False,145.2252593959848,149.0095018258976,140.28234028833944,0.014294807225136713,Standing / Neutral
619,False,False,False,False,True,142.84483110415627,126.87979242044293,141.1507116399652,0.022587876389903616,Arm Movement
620,False,False,False,False,True,144.89632350865062,86.35151256192243,151.56799241013834,0.01699378838270773,Arm Movement
621,False,False,False,False,True,142.6621659293049,65.26273972645951,161.55651869032417,0.01565280267637674,Arm Movement
622,False,False,False,False,True,138.83118979106774,58.36746359967516,162.9996343032608,0.015306868603685547,Arm Movement
623,False,False,False,False,False,135.01804695692286,54.82600638121859,161.15773362017492,0.007806483142852063,Standing / Neutral
624,False,True,False,False,False,135.87045058240994,49.909159401139455,158.5717941731601,0.00808265774990194,Hand Raise
625,False,True,False,False,False,138.59123825398956,44.265857676287474,149.3584011344692,0.007749132219892358,Hand Raise
626,False,True,False,False,False,139.89199515298594,32.17768262298863,142.2758553329225,0.012923176197723353,Hand Raise
627,False,True,False,False,False,131.45809580936088,10.242692421666854,144.9144438676352,0.013562346745763797,Hand Raise
628,False,False,False,False,True,134.7719097203533,5.371458091764206,144.78728099247616,0.03350951882508332,Arm Movement
629,False,False,False,False,True,70.31383490720275,9.251715409352009,146.894852471136,0.026252770341912986,Arm Movement
630,False,False,False,False,True,61.17719559531433,9.665748343496789,142.15400169184892,0.03923469903092058,Arm Movement
631,False,False,False,False,True,60.19827709269667,156.54249413505838,140.8574632214181,0.021366952021600986,Arm Movement
632,False,False,False,False,True,60.09565967199906,160.5539302690106,142.57225414739776,0.015078845482764622,Arm Movement
633,False,False,False,False,False,63.14191497088098,155.43737619021792,147.42637884942945,0.014999528123628847,Standing / Neutral
634,False,False,False,False,False,64.86891691879782,171.24593692529837,160.9813226826726,0.013352201148279398,Standing / Neutral
635,False,False,False,False,True,57.586624609240495,138.58843998526734,173.26202666826725,0.015567431008591669,Arm Movement
636,False,False,False,False,False,45.92594335303755,125.55279445738309,154.986540260202,0.013714174783537751,Standing / Neutral
637,False,False,False,False,False,30.23839455136226,126.78677085060251,149.26471507490618,0.010666794209002965,Standing / Neutral
638,False,False,False,False,False,18.401238552859105,120.08366526257649,140.99488000019863,0.012059775650256644,Standing / Neutral
639,False,False,False,False,False,6.1978033121713665,122.73709204227637,140.7672256040899,0.011467876249532535,Standing / Neutral
640,False,False,False,False,False,1.2604350961389277,125.79965377574857,148.3000501879578,0.008538773130380727,Standing / Neutral
641,False,False,False,False,False,8.819713814138426,131.60001436194239,149.52295978196335,0.007594050066065824,Standing / Neutral
642,False,False,False,False,False,25.80700827780242,132.19321530635045,162.426769582747,0.007086910658556928,Standing / Neutral
643,False,False,False,False,False,41.857096520648454,148.1554035150187,168.31307399083244,0.012672944314580265,Standing / Neutral
644,False,False,False,False,True,37.49581838226071,161.5900667589939,164.82806413709073,0.018376836416087786,Arm Movement
645,False,False,False,False,True,10.769797638602737,146.94672378321113,161.53442486816976,0.021961448219351268,Arm Movement
646,False,False,False,False,True,2.8290153577499844,143.77413578549488,161.20881024778794,0.038186643259317865,Arm Movement
647,False,False,False,False,True,49.490258802074166,156.62345511339598,170.10367858000677,0.023704646106743683,Arm Movement
648,False,False,False,False,True,77.86727046912355,75.87121752761115,167.933931239763,0.04206194998228566,Arm Movement
649,False,False,False,False,True,92.827231970046,51.268621085452914,169.07272408522283,0.022016577268865155,Arm Movement
650,False,False,False,False,False,49.09418057554309,23.706078884087834,163.84498845765336,0.01371755570795935,Standing / Neutral
651,False,False,False,False,True,77.82849861176216,20.608870620026103,169.40832428814971,0.015965972608341414,Arm Movement
652,False,False,False,False,True,82.32116421477139,59.722805052194296,172.3987181087457,0.02987672957159866,Arm Movement
653,False,False,False,False,False,74.80816669309444,68.91368768619382,172.03056855361183,0.004807165370319429,Standing / Neutral
654,False,False,False,False,True,84.159592336504,99.90649597820378,169.44690723808284,0.015499454186029788,Arm Movement
655,False,False,False,False,False,94.14505248297012,172.14516999753437,165.4054103991259,0.014388952994409036,Standing / Neutral
656,False,False,False,False,True,93.64996115923745,89.34420039149867,157.01961129719814,0.028152265687560362,Arm Movement
657,False,False,False,False,True,99.35132234844977,64.03835684112065,156.65964281768498,0.03057518369272519,Arm Movement
658,False,False,False,False,True,108.26371192013302,45.87936535300337,149.38202528251594,0.028127444314635014,Arm Movement
659,False,False,False,False,True,102.46285154284776,35.464995530141266,140.23588835394236,0.026914307168457295,Arm Movement
660,False,False,False,False,False,59.131008413629345,33.98428413650108,130.69886110930474,0.011624646391679353,Standing / Neutral
661,False,False,False,False,False,3.767462647330251,31.590896345490457,123.24019420940948,0.010051786760772088,Standing / Neutral
662,False,False,True,False,False,10.966114777761812,28.75272967263657,118.7442468072611,0.005759751725298036,Squat
663,False,False,True,False,False,10.732232452184844,26.602436921660136,113.78061540253618,0.008617529038137763,Squat
664,False,False,True,False,False,10.47116270588073,25.921336653463772,114.62516226251579,0.005950049341779799,Squat
665,False,False,False,False,False,19.396631195931718,23.939264954469564,121.13479577180891,0.009069149632220722,Standing / Neutral
666,False,False,False,False,False,26.384424920912842,24.10554682969199,128.99090890413208,0.007902498174697351,Standing / Neutral
667,False,False,False,False,False,26.441803177517922,25.04108973507107,137.32024480178077,0.007395892632587316,Standing / Neutral
668,False,False,False,False,False,33.73675827664669,25.441445895089647,149.48652660093254,0.00795887069668175,Standing / Neutral
669,False,False,False,False,False,35.58183662929675,30.422409952302473,157.84159310646305,0.006615053762489366,Standing / Neutral
670,False,False,False,False,False,35.07621302711637,34.93436813740173,159.52567357182053,0.004799742951163848,Standing / Neutral
671,False,False,False,False,False,29.97487880385041,38.23168146516305,161.0761519441623,0.004039001154884664,Standing / Neutral
672,False,False,False,False,False,29.570653887916684,42.05045604315912,162.82772322073123,0.006462901912322369,Standing / Neutral
673,False,False,False,False,False,34.499076394993814,45.544661868536295,163.82600973527934,0.006764273002951097,Standing / Neutral
674,False,False,False,False,False,35.08724620801238,50.38202075066892,163.24793201873845,0.004428644068403991,Standing / Neutral
675,False,False,False,False,False,33.89577016905668,54.19774832650031,168.37946396315687,0.0030399667019519643,Standing / Neutral
676,False,False,False,False,False,31.96905715168213,37.75840155047894,168.13607724035555,0.007865452577250158,Standing / Neutral
677,False,False,False,False,False,24.032747042939206,39.83828405199824,169.06303938513975,0.0016566675745709894,Standing / Neutral
678,False,False,False,False,False,19.722808146498057,41.65726776980381,163.0364572984122,0.0020992119806243085,Standing / Neutral
679,False,False,False,False,False,16.469548017155475,36.93400749132946,163.52006886244885,0.0011263119868855913,Standing / Neutral
680,False,False,False,False,False,20.261136660666658,30.442093435142382,163.60836425579117,0.004707354645312544,Standing / Neutral
681,False,False,False,False,False,17.654870774234926,22.603732361395522,167.98969889436376,0.007137253723710614,Standing / Neutral
682,False,False,False,False,False,15.180409682537965,14.474638929773262,171.91931888448335,0.006849272950661718,Standing / Neutral
683,False,False,False,False,False,12.015610968795517,1.0452087664752134,171.7702675265566,0.006465131636570292,Standing / Neutral
684,True,True,False,False,False,9.112698847403893,12.833122180715835,170.93461854195243,0.005625712223584548,Hand Raise
685,True,True,False,False,False,1.8782614966579918,18.953813266304046,171.05400233917788,0.005771133042639604,Hand Raise
686,True,True,False,False,False,9.91654846718262,28.98355241267301,170.50145520727085,0.009652670298458024,Hand Raise
687,False,True,False,False,False,24.501472911466653,40.583024618213315,171.21458271440792,0.012142603578973121,Hand Raise
688,False,False,False,False,False,39.71316130831281,56.282370971104925,171.95579464308386,0.014244373101911933,Standing / Neutral
689,False,False,False,False,False,50.4974420224766,74.1960912946015,173.1059503547678,0.01217669673852046,Standing / Neutral
690,False,False,False,False,False,66.21056197265277,89.37009471546081,174.03355230336402,0.012788539234131122,Standing / Neutral
691,False,False,False,False,True,87.34591511665653,102.05609984406466,174.22917108047858,0.015114892553486942,Arm Movement
692,False,False,False,False,True,110.95682237720249,111.21194528220711,173.71447378971678,0.015055256082557086,Arm Movement
693,False,False,False,False,False,123.5089029678442,117.96415954126039,173.5830717172841,0.01383096992397211,Standing / Neutral
694,False,False,False,False,True,135.99081159127755,131.7738491902318,173.32980155010802,0.01826520232868379,Arm Movement
695,False,False,False,False,False,149.84238837047965,142.9905716571715,173.56338743188593,0.014283765053396236,Standing / Neutral
696,False,False,False,False,True,164.314098015337,148.26950068670945,173.66072127863927,0.016879069581099238,Arm Movement
697,False,False,False,False,True,179.37297493666358,155.587813513933,171.2648471948901,0.02236890292239941,Arm Movement
698,False,False,False,False,True,163.26147338064266,159.92232565696608,170.7740714922616,0.027081862376074795,Arm Movement
699,False,False,False,False,False,161.31833705467696,150.2674425184925,171.6996868789097,0.007219890444603375,Standing / Neutral
700,False,False,False,False,False,161.01150628679383,154.77189786255036,174.84453964646585,0.003036150908303098,Standing / Neutral
701,False,False,False,False,False,156.00692077592456,164.97275959852405,177.32046358331144,0.0074615569546863485,Standing / Neutral
702,False,False,False,False,False,150.50341160691667,166.50058086200994,171.70796051757986,0.0056357870614112725,Standing / Neutral
703,False,False,False,False,False,163.69080001286588,166.51849014438258,172.34150475356546,0.011968716842388982,Standing / Neutral
704,False,False,False,False,False,174.73291943596524,169.68872271919648,170.88674606519766,0.012228508126426955,Standing / Neutral
705,False,False,False,False,False,179.87802846912697,172.6172510346036,163.32607979095286,0.006656401188065075,Standing / Neutral
706,False,False,False,False,False,179.39994460707175,172.57480679556124,164.93750907825205,0.002833970792693644,Standing / Neutral
707,False,False,False,False,False,178.63066788834004,167.17442770993827,162.29793295387498,0.006329347348813727,Standing / Neutral
708,False,False,False,False,False,162.87510731894085,161.5941213427389,165.0081844386366,0.004695061265893077,Standing / Neutral
709,False,False,False,False,False,139.08023737878705,158.80803414926382,165.69827754710104,0.008874762036884361,Standing / Neutral
710,False,False,False,False,False,124.9315223132169,159.94887693830736,173.4103649597726,0.0072616582210287715,Standing / Neutral
711,False,False,False,False,False,119.00184433420209,159.15435782401948,176.6080885678781,0.009466645835544376,Standing / Neutral
712,False,False,False,False,False,111.3380566051783,154.39683844462954,174.7501651969751,0.01323063333231071,Standing / Neutral
713,False,False,False,False,False,112.29900905723406,155.54958855360132,173.27647378422697,0.011748194424960553,Standing / Neutral
714,False,False,False,False,False,120.48510347484866,155.4166282263012,172.54589615164284,0.011112650874682831,Standing / Neutral
715,False,False,False,False,False,127.71783621254244,152.10657195077025,171.5641760616818,0.00846059122160377,Standing / Neutral
716,False,False,False,False,False,134.18402040479012,142.26387905236123,170.16533583920986,0.00648041036872447,Standing / Neutral
717,False,False,False,False,False,139.2159461610741,134.2024649865256,169.367455165043,0.0029175698302932435,Standing / Neutral
718,False,False,False,False,False,134.5168244327201,121.22048123239345,170.62547543205966,0.006615412436793644,Standing / Neutral
719,False,False,False,False,False,135.10432317741993,122.65466891045988,172.0985423416824,0.004288932833396403,Standing / Neutral
720,False,False,False,False,False,140.3334950078402,128.15299241452382,171.78229661890492,0.004085290975481309,Standing / Neutral
721,False,False,False,False,False,134.28100748908386,123.19203288367751,168.73428704669723,0.007207676998564228,Standing / Neutral
722,False,False,False,False,False,143.79448550338006,118.50295328973334,167.6088811378146,0.00607990533541323,Standing / Neutral
723,False,False,False,False,False,161.0504646284364,109.47851259289355,173.96893343873893,0.008042162296078603,Standing / Neutral
724,False,False,False,False,False,167.31446248093906,109.5378128595418,176.4384351189728,0.004352166957822379,Standing / Neutral
725,False,False,False,False,False,170.61433320273974,117.75207522788783,176.77191721300676,0.00486239235056298,Standing / Neutral
726,False,False,False,False,False,174.18753868196924,134.15028498746346,171.74917530367907,0.006438459026158333,Standing / Neutral
727,False,False,False,False,False,174.84323650162773,154.39587483486548,167.83755544687835,0.007364194353741231,Standing / Neutral
728,False,False,False,False,False,173.06604528559774,175.37799341248174,168.84125067096417,0.010450222685499323,Standing / Neutral
729,False,False,False,False,False,177.32827707619876,163.77989624692347,169.9372941158311,0.006329812215318749,Standing / Neutral
730,False,False,False,False,False,175.54566405248093,141.9855146158416,169.77383093800404,0.005892675384109033,Standing / Neutral
731,False,False,False,False,False,173.71728845906196,138.96917967036205,170.1977467023092,0.01065679829750923,Standing / Neutral
732,False,False,False,False,False,168.60544714956532,141.29261235059133,172.86491919322745,0.008083698335740089,Standing / Neutral
733,False,False,False,False,False,177.3779396716544,143.89306793097003,174.47033757035786,0.003828872747934209,Standing / Neutral
734,False,False,False,False,False,167.81083883992832,144.06887051458844,176.71304070856678,0.005760107790475391,Standing / Neutral
735,False,False,False,False,False,154.62226798736086,144.96196631401273,175.13760442752726,0.006243722746108531,Standing / Neutral
736,False,False,False,False,False,135.6997608818298,147.3871251560538,174.179551980494,0.001029944420553161,Standing / Neutral
737,False,False,False,False,False,115.52899350784034,149.86923590132363,172.48526344455288,0.004001977318566496,Standing / Neutral
738,False,False,False,False,False,99.4788389160028,156.973129640689,171.183920704865,0.0024964221354004086,Standing / Neutral
739,False,False,False,False,False,93.23948199178368,168.80537814678854,170.59337744208332,0.006900433712317396,Standing / Neutral
740,False,False,False,False,False,97.21920919157947,179.4637017844365,179.00581263670205,0.014696096559058508,Standing / Neutral
741,False,False,False,False,False,105.01558938112336,178.81095925063485,170.8509817770303,0.008524177191388867,Standing / Neutral
742,False,False,False,False,True,176.42007668134525,166.09633100773925,166.13722209607096,0.016650205531642544,Arm Movement
743,False,False,False,False,False,152.7127665178778,148.69998122115425,160.03114068768184,0.014450564170259363,Standing / Neutral
744,False,False,False,False,False,155.4517509034338,132.60630963302305,155.73858736317538,0.009157496234399105,Standing / Neutral
745,False,False,False,False,True,155.12659267520752,126.13479518052961,157.15982530651877,0.01576635985953681,Arm Movement
746,False,False,False,False,True,164.19414497846202,116.73905184467671,162.34194260235097,0.016261180430010548,Arm Movement
747,False,False,False,False,True,141.96749673132516,178.96058432607893,167.31508647433276,0.12246173056011497,Arm Movement
748,False,False,False,False,True,103.14140801210816,145.91998199034256,171.87893562330447,0.045543472063594485,Arm Movement
749,False,False,False,False,True,116.64351846948037,127.74398363036374,175.6663880813154,0.019807510777341927,Arm Movement
750,False,False,False,False,True,92.45180053058398,124.08185672898254,170.89104946284385,0.09587224015044082,Arm Movement
751,False,False,False,False,True,123.37221162327607,172.87975244128558,167.98383370828486,0.10731048070907273,Arm Movement
752,False,False,False,False,True,98.95911100131569,171.35414403478376,167.66652929041487,0.02024234445531283,Arm Movement
753,False,False,False,False,True,96.96401484264592,176.11646863364433,171.79256189725282,0.023706156672799922,Arm Movement
754,False,False,False,False,True,124.11580910542216,176.44517034263538,173.54344792836906,0.026436246173112257,Arm Movement
755,False,False,False,False,True,146.44789579939322,175.9418748224549,174.38027685045938,0.02573983756845776,Arm Movement
756,False,False,False,False,True,165.3971965008567,146.55366521941147,174.3619963643892,0.025093308537683302,Arm Movement
757,False,False,False,False,True,178.32288555776108,168.02201444305746,176.46792833451806,0.015388704775922255,Arm Movement
758,False,False,False,False,False,164.221714998997,167.8509789413506,177.22840351741013,0.007249941681776156,Standing / Neutral
759,False,False,False,False,True,147.99679110676817,72.6840626178494,176.41897716109577,0.025846509647045997,Arm Movement
760,False,False,False,False,True,134.73895866698652,114.69646875087618,177.55610770411113,0.02789899451467473,Arm Movement
761,False,False,False,False,True,127.08784352353666,111.82306896755296,178.72396413292216,0.03189802175186587,Arm Movement
762,False,False,False,False,True,120.57050423393946,104.99598981620476,177.58499680099368,0.037696633003677184,Arm Movement
763,False,False,False,False,True,138.28560294588772,118.85457553114396,177.0607354340582,0.040598033416409406,Arm Movement
764,False,False,False,False,True,179.3410371188485,142.64313721782372,177.7308581296466,0.03522588733352566,Arm Movement
765,False,False,False,False,True,144.08030002001132,165.02374706195943,177.7133958847368,0.03090078937734323,Arm Movement
766,False,False,False,False,True,136.75020025307919,171.87072186015376,176.78690348446966,0.03922772043140939,Arm Movement
767,False,False,False,False,True,141.94299390805327,169.49718738396328,175.7296914989876,0.022850146710844545,Arm Movement
768,False,False,False,False,True,168.99440128903638,165.3009209367663,164.87461088584683,0.06069487519350196,Arm Movement
769,False,False,False,False,True,157.10113428397108,171.70570269222662,170.5009872305537,0.04783093820062753,Arm Movement
770,True,False,False,False,True,164.46580470295953,174.32348053822093,163.71042050140358,0.07347890090785093,Hand Raise
771,True,False,False,False,True,84.11514950652868,162.54006192581778,167.11342741919188,0.032107486969037966,Hand Raise
772,True,False,False,False,True,72.4365132472906,147.03478933517812,168.17825822737018,0.04914941710296436,Hand Raise
773,True,False,False,False,True,75.92361939150186,142.27801477021376,169.8384705935882,0.049235249247894124,Hand Raise
774,True,False,False,False,True,108.36619291365668,159.86338885394542,170.55942160889944,0.045995085929304,Hand Raise
775,True,False,False,False,True,150.98823797906422,147.11321298807084,173.20240741361516,0.05874762750907908,Hand Raise
776,True,False,False,False,True,146.82098533279125,157.63364608229782,175.95267447617772,0.02427366074059341,Hand Raise
777,False,False,False,False,True,166.93382706630948,161.35671040429847,175.86211356314686,0.03644232400032966,Arm Movement
778,False,True,False,False,True,162.96404909906147,152.74507528344466,177.1892076274189,0.07099023293337077,Hand Raise
779,False,True,False,False,True,161.2338488498673,85.74827216100229,178.09411519617174,0.027145005609754212,Hand Raise
780,False,True,False,False,True,177.36112072690733,84.21871035985387,177.988936895954,0.059648266041523,Hand Raise
781,False,True,False,False,True,168.22195145754335,103.0549904253897,177.42732612175243,0.05312027516893725,Hand Raise
782,False,True,False,False,True,151.68880448683473,124.12167448141312,175.33606048893898,0.0435571864709058,Hand Raise
783,False,True,False,False,True,136.71070593132472,138.40777316510457,173.54372409914095,0.040170535344724784,Hand Raise
784,False,True,False,False,True,104.74794295839585,148.8337322255048,167.49236444466825,0.045394908587478355,Hand Raise
785,False,False,False,False,True,93.09353112383866,158.31036572053472,162.57309727480833,0.023060070029265668,Arm Movement
786,False,False,False,False,True,78.01237874797243,166.14300911751326,160.6750865662869,0.01895890155240361,Arm Movement
787,False,False,False,False,False,74.5920189141183,172.6906362146564,152.91104452121454,0.00929543727386973,Standing / Neutral
788,False,False,False,False,False,73.88226329243133,177.0082679165849,150.36594040247184,0.008784363264051149,Standing / Neutral
789,False,False,False,False,False,75.62437018010475,179.4934058259883,150.3183550726277,0.009900838159639418,Standing / Neutral
790,False,False,False,False,False,81.4024367447956,178.45044717293,149.2030916738736,0.007321619703527728,Standing / Neutral
791,False,False,False,False,False,84.1487077865822,176.35741293891593,150.71512390389125,0.00526360542103689,Standing / Neutral
792,False,False,False,False,False,79.39800977174545,170.5110906915128,152.73566239701734,0.007113118761381905,Standing / Neutral
793,False,False,False,False,False,74.05578286866752,164.82715378259468,152.52725955334034,0.010919826917578864,Standing / Neutral
794,False,False,False,False,False,69.941313930392,159.25443948872356,153.12865710417393,0.008403412204648228,Standing / Neutral
795,False,False,False,False,False,67.44765609161728,159.37909901151403,154.51284450735417,0.005297901380540255,Standing / Neutral
796,False,False,False,False,False,67.82106605337064,159.7332049300114,159.21387024901577,0.003080101605455925,Standing / Neutral
797,False,False,False,False,False,69.54862808666816,158.53075558565106,160.63086323768897,0.0021620757094936993,Standing / Neutral
798,False,False,False,False,False,74.7986576981016,158.4038546644444,156.6648138833775,0.0033413958302617635,Standing / Neutral
799,False,False,False,False,False,71.47985929375255,158.10385276283188,150.64555414445843,0.0037030814607285174,Standing / Neutral
800,False,False,False,False,False,70.06720408893214,159.8264860588525,140.13388228386717,0.002255095543309489,Standing / Neutral
801,False,False,False,False,False,69.22091330470225,158.4018239637235,127.97145664750084,0.0031518145605328287,Standing / Neutral
802,False,False,False,False,False,67.22592133347253,156.08660782493078,127.73142210397438,0.008344403036175266,Standing / Neutral
803,False,False,False,False,False,67.21040108643898,155.13480210164988,138.65159242884943,0.011093764927506078,Standing / Neutral
804,False,False,False,False,False,68.54170890427373,153.644523061056,146.3068970086684,0.012539055225149687,Standing / Neutral
805,False,False,False,False,False,71.41700707850909,153.53285606440502,155.02744531211533,0.013576893492976316,Standing / Neutral
806,False,False,False,False,False,76.22954826861177,144.17871504876533,158.61672299421255,0.012885451070137818,Standing / Neutral
807,False,False,False,False,False,83.43907273908074,132.3586920674227,158.28186390429198,0.011061247780166001,Standing / Neutral
808,False,False,False,False,False,90.48022617804706,124.1790889054234,155.68633835363522,0.01119262523107081,Standing / Neutral
809,False,False,False,False,False,97.43177999934792,129.0125255809332,147.23335082471016,0.00467112887221203,Standing / Neutral
810,False,False,False,False,False,96.85098936710361,132.75474527858952,151.16957685991605,0.008191561237325212,Standing / Neutral
811,False,False,False,False,False,98.14437993458425,133.62871017817173,151.63961706468143,0.0034076873557334873,Standing / Neutral
812,False,False,False,False,False,101.41923558460128,135.25238717943864,150.55160396404455,0.004019910382976915,Standing / Neutral
813,False,False,False,False,False,101.66074167085507,134.39629498153892,154.08716342058972,0.002090326795394708,Standing / Neutral
814,False,False,False,False,False,101.0356553840498,135.95396460879863,155.5284438761728,0.002545173902937033,Standing / Neutral
815,False,False,False,False,False,101.04307592136522,139.77901932394974,151.85714017999265,0.0016030380209959062,Standing / Neutral
816,False,False,False,False,False,99.4655479924543,143.45084189163228,150.8483546462678,0.0013329292716501118,Standing / Neutral
817,False,False,False,False,False,98.22127449487921,144.16311463585384,149.6112659130589,0.002019012984448615,Standing / Neutral
818,False,False,False,False,False,98.60695471823605,141.03478312959038,150.1738384163608,0.005178747934569064,Standing / Neutral
819,False,False,False,False,False,93.62224771375871,140.76367109018327,149.45931622907585,0.004908985306884957,Standing / Neutral
820,False,False,False,False,False,92.3554922951474,140.4558681199116,138.88295809040045,0.007993129904305177,Standing / Neutral
821,False,False,False,False,False,92.9444012011872,140.44379422886345,120.93646731594464,0.005484702613002703,Standing / Neutral
822,False,False,True,False,False,94.8246963335342,140.5050618370935,109.93518183237029,0.007672732519110941,Squat
823,False,False,True,False,False,95.97683275113205,142.9816724534868,107.54425003296458,0.006567089473144674,Squat
824,False,False,True,False,False,93.42853305471505,142.75886674696488,104.19682444804675,0.003716297363096817,Squat
825,False,False,True,False,False,91.56444311003372,141.34026763956524,100.24392467464435,0.005894108198343276,Squat
826,False,False,True,False,False,93.31065706261435,139.51450837430883,98.79232423855558,0.004970652490686803,Squat
827,False,False,True,False,False,98.09684676181779,141.71292348057509,89.84708856987818,0.0032223070968729972,Squat
828,False,False,True,False,False,104.97170705874373,142.47074403081982,85.4125149576049,0.004713135188299988,Squat
829,False,False,True,False,False,108.78618540643848,143.14004134450457,86.87609286642287,0.0011545324214054936,Squat
830,False,False,True,False,False,108.03117663212205,142.98033549849353,92.8520731797481,0.001005989579400203,Squat
831,False,False,True,False,False,105.75904509577694,142.6956727665728,95.11749133736281,0.00222462869890763,Squat
832,False,False,True,False,False,104.86183086770073,144.85594669634585,105.95372829548857,0.0040509263212148115,Squat
833,False,False,True,False,False,104.88384396855643,143.80204785165367,116.90629623037147,0.008039533304161729,Squat
834,False,False,False,False,False,104.4603479642954,139.797943648812,130.7501604184871,0.008661348928969626,Standing / Neutral
835,False,False,False,False,False,103.2517877710458,136.40828767176447,139.5135115638832,0.011460922447249626,Standing / Neutral
836,False,False,False,False,False,103.27306999139324,136.95877447182895,145.28631759335232,0.005078415245416464,Standing / Neutral
837,False,False,False,False,False,101.35154463976659,135.20617256122785,150.9751998478054,0.005661023477902104,Standing / Neutral
838,False,False,False,False,False,101.2099315717534,134.4917115032174,152.75428169726342,0.009727002098067487,Standing / Neutral
839,False,False,False,False,False,107.86732241360056,136.2621213747072,154.98970295559764,0.005172162449339333,Standing / Neutral
840,False,False,False,False,False,104.06325655434901,134.61468633950864,150.70558536552738,0.004819602722773759,Standing / Neutral
841,False,False,False,False,False,103.30218418619343,131.69533052395903,147.68463800342496,0.003680328008085332,Standing / Neutral
842,False,False,False,False,False,111.31920625791317,135.6335271547445,143.61670399996657,0.005644049853931685,Standing / Neutral
843,False,False,False,False,False,126.66855649548607,139.1121657160252,139.63383279663861,0.009588523336012993,Standing / Neutral
844,False,False,False,False,False,152.4272328711144,153.12682231640943,135.28815419051608,0.00733712859084803,Standing / Neutral
845,False,False,False,False,True,166.82158258668724,150.91213542070284,130.90082812532916,0.017169059106121858,Arm Movement
846,False,False,False,False,True,169.03931248525575,150.60424721807863,138.17964520640047,0.015178181258915794,Arm Movement
847,False,False,False,False,True,176.07317568159218,154.1186908730265,138.01269871491192,0.021987392220989617,Arm Movement
848,False,False,False,False,True,171.21371376508722,159.73467345321194,142.2577819013428,0.024947116717432376,Arm Movement
849,False,False,False,False,True,169.5610453487306,161.77287635341142,144.83588277838098,0.017122900838726838,Arm Movement
850,False,False,False,False,True,167.15696422134704,160.56252135027725,150.52951871724304,0.01707670632351993,Arm Movement
851,False,False,False,False,True,167.61902245721785,134.43558779999628,149.88937837705413,0.04823516452885001,Arm Movement
852,False,False,False,False,True,175.9068398530926,18.466097293400072,147.5616007671272,0.06743370937769246,Arm Movement
853,False,True,False,False,True,151.9910112063059,43.98210818656254,144.52984241420688,0.06712369726399124,Hand Raise
854,True,True,False,False,True,7.108099288397959,93.62121209676894,142.52682939820795,0.04846811006704114,Hand Raise
855,True,True,False,False,True,173.5729040661314,117.66303105751602,143.52045866979415,0.09358582164463371,Hand Raise
856,True,True,False,False,True,174.41737135900624,117.55299232115983,143.80605629111488,0.019355257377185655,Hand Raise
857,True,True,False,False,True,177.01009916350242,109.13552884913416,146.68005262492318,0.015517024496013328,Hand Raise
858,True,False,False,False,False,177.743223037636,102.81079188861251,149.3851186268372,0.008067903096388225,Hand Raise
859,True,False,False,False,False,178.62896566881375,101.7370963500303,149.45133962064287,0.005631628892781461,Hand Raise
860,True,False,False,False,False,179.86432695155358,113.18998699038957,154.44398221486534,0.008291620043294147,Hand Raise
861,False,False,False,False,False,178.9139969564064,117.97276733965404,161.3162054624447,0.011442104310522574,Standing / Neutral
862,False,False,False,False,True,174.83201357989324,149.36423862420847,172.57199877748812,0.015348387774110468,Arm Movement
863,False,False,False,False,True,167.75397025068838,155.28480575445295,174.9783627803192,0.018467170754631404,Arm Movement
864,False,False,False,False,True,12.447751230027013,140.92082194038457,177.93737207244578,0.06809621295449303,Arm Movement
865,False,False,False,False,True,23.432506581613083,137.7831260467424,173.9780479219183,0.05042422494169342,Arm Movement
866,False,False,False,False,True,60.8069915403199,142.43043666232052,173.00295911830585,0.05010722301923087,Arm Movement
867,False,False,False,False,True,94.28009875987068,176.26391056345565,170.90332566226147,0.07225010855821126,Arm Movement
868,True,False,False,False,True,98.63965135323357,170.94331019121162,172.94551221300532,0.04169193101024225,Hand Raise
869,True,False,False,False,True,85.98846991291998,169.41119086554642,175.53699140009294,0.01660112493927665,Hand Raise
870,True,False,False,False,False,26.31544404515209,171.9857849575464,176.77325871159223,0.012673435856899475,Hand Raise
871,True,False,False,False,False,14.864996108243698,174.97430722398573,175.1950603892381,0.010008862288851596,Hand Raise
872,True,True,False,False,True,5.789776754543271,168.81486465577356,172.6241344208746,0.03155602195222559,Hand Raise
873,True,True,False,False,True,41.93713682051293,158.438454292111,172.2342374924864,0.031955993035584,Hand Raise
874,True,True,False,False,True,67.28077299607472,141.7016006932369,170.42231943093486,0.022088595624377597,Hand Raise
875,True,True,False,False,True,87.71829383158871,92.84984588833632,170.69737595018796,0.03449886032221043,Hand Raise
876,True,True,False,False,True,88.99168968658257,80.89364946676412,171.7029324110402,0.01956857935364196,Hand Raise
877,True,True,False,False,False,81.002209793898,77.51975199566031,175.3119273493067,0.009370567534096066,Hand Raise
878,True,True,False,False,False,71.61267036770602,70.48335788915534,176.7888842110064,0.0035841776480855492,Hand Raise
879,True,True,False,False,False,61.99033244990848,58.80362611341701,176.50722924589843,0.0076450185584789705,Hand Raise
880,True,True,False,False,True,50.952398367761305,58.97631068327239,175.19517274011463,0.015100634207139613,Hand Raise
881,True,True,False,False,False,45.38507021322315,52.23092972940257,174.94943628334005,0.01022152665488854,Hand Raise
882,True,True,False,False,False,37.34959016650277,41.126270908415606,174.18120029646775,0.011405569083895103,Hand Raise
883,True,True,False,False,True,25.085441845389177,27.787947441464627,174.4931317685262,0.017354928974608407,Hand Raise
884,True,True,False,False,False,17.95901262068567,16.44015696111708,175.90463190669826,0.012021739969110146,Hand Raise
885,True,True,False,False,False,12.387186320945911,14.324883950896655,175.9284054442919,0.007363505463952045,Hand Raise
886,True,True,False,False,True,60.406389583289204,98.39572188636981,174.32595839192737,0.095386536591309,Hand Raise
887,True,False,False,False,True,12.841069219650521,1.6067962204037798,173.04895491605464,0.05939468712393531,Hand Raise
888,False,False,False,False,True,9.429851897187199,38.50632456039254,174.39143221566135,0.13017754853780505,Arm Movement
889,False,False,False,False,True,10.956486479530772,10.439625312892128,170.32037325518127,0.1362019613780001,Arm Movement
890,False,False,False,False,True,0.23218866644980635,44.518128127058226,170.63836110031468,0.05078594928625206,Arm Movement
891,False,False,False,False,True,17.899290948343314,30.33299621806606,166.32230530832982,0.10705772111965964,Arm Movement
892,False,False,False,False,False,15.891646958118162,38.2554252900975,169.3494316429401,0.00985176542522265,Standing / Neutral
893,False,False,False,False,True,81.70869075986381,63.48151816053592,171.75769158597456,0.0404793731381703,Arm Movement
894,False,False,False,False,True,28.061787860103728,19.648839350671587,170.12706748390582,0.036640226255262545,Arm Movement
895,False,False,False,False,False,35.0022243145454,12.81239838456674,174.1104261008165,0.01021780331808762,Standing / Neutral
896,False,False,False,False,False,41.13574960790426,27.552863850949617,175.39145513015367,0.0035864871007931062,Standing / Neutral
897,False,False,False,False,False,42.505357130451635,45.18470243521838,175.10693602264277,0.00521704835980932,Standing / Neutral
898,False,False,False,False,False,43.436403792255334,55.78130946145735,174.80097844133877,0.0025877954896822747,Standing / Neutral
899,False,False,False,False,False,45.571163460277454,54.91679388183932,175.4452123786385,0.0033425167518477306,Standing / Neutral
900,False,False,False,False,False,49.1063505924637,57.48624456748255,176.00040975436855,0.0033634094155426484,Standing / Neutral
901,False,False,False,False,False,50.12027055914866,55.06701644437143,176.1409649022469,0.004754346324385185,Standing / Neutral
902,False,False,False,False,False,49.30889745491269,53.95950682191014,174.22038969871883,0.00440841610871812,Standing / Neutral
903,False,False,False,False,False,49.771196507447,52.91162952447818,172.29783291154274,0.003944474851584738,Standing / Neutral
904,False,False,False,False,False,49.25168269418456,53.604443059606936,172.11685029295444,0.004348653479824227,Standing / Neutral
905,False,False,False,False,False,49.4132037849171,53.32360302727536,172.8339561880354,0.0029493792504563256,Standing / Neutral
906,False,False,False,False,False,51.20869579550625,54.834421791854055,172.3742820153832,0.003886994172484383,Standing / Neutral
907,False,False,False,False,False,53.6892178185874,57.18961885340624,172.24868472762114,0.0017660225007538524,Standing / Neutral
908,False,False,False,False,False,55.20102062990985,59.4440378338965,171.90853573377825,0.0018129307679051842,Standing / Neutral
909,False,False,False,False,False,61.89454885694645,63.00640525963589,170.99853252429102,0.003632186633574475,Standing / Neutral
910,False,False,False,False,False,83.7924734564581,70.56384626585951,170.88489585351115,0.006583231664843494,Standing / Neutral
911,False,False,False,False,False,109.8311442555531,87.14187298448628,169.97125589265863,0.003409757271425075,Standing / Neutral
912,False,False,False,False,False,115.2891672815157,101.67797849166973,170.5871815292947,0.0017463622978018706,Standing / Neutral
913,False,False,False,False,False,108.12483618216187,105.21934419744441,168.81270025936584,0.0015019690925542934,Standing / Neutral
914,False,False,False,False,False,103.8238043104511,102.28344658403698,167.90841413674502,0.0017760148486642854,Standing / Neutral
915,False,False,False,False,False,83.38088874904666,87.62881361235166,168.95470892534536,0.0011234211092501776,Standing / Neutral
916,False,False,False,False,False,70.51159536743756,74.91718596371496,170.6826735450508,0.003037155851590208,Standing / Neutral
917,False,False,False,False,False,60.423520478778265,68.08442074527092,175.26409132817065,0.00511914167260503,Standing / Neutral
918,False,False,False,False,False,60.11113139484265,67.01552607548403,176.82591497393778,0.0017331064889294949,Standing / Neutral
919,False,False,False,False,False,60.983790319411845,67.96111816264025,176.9342066150174,0.0013304446330527988,Standing / Neutral
920,False,False,False,False,False,60.56058854490442,69.69750589806499,176.81168644316222,0.0008667423622664933,Standing / Neutral
921,False,False,False,False,False,67.47126253851613,74.47800746823346,176.87210109762526,0.002380419291164435,Standing / Neutral
922,False,False,False,False,False,92.6940436648437,111.0235488523359,173.442452431287,0.0045892672021717795,Standing / Neutral
923,False,False,False,False,False,166.25538126781055,177.53072087983077,169.12301234474862,0.005883376434324888,Standing / Neutral
924,False,False,False,False,False,135.4565365069973,127.090481133821,168.96985661431768,0.006518756070040214,Standing / Neutral
925,False,False,False,False,False,160.43263518448796,127.04359203899998,168.74819393937403,0.003258514057794741,Standing / Neutral
926,False,False,False,False,False,178.99900467812253,122.01271947901813,170.32535770695318,0.001647375163272861,Standing / Neutral
927,False,False,False,False,False,169.00785361233912,108.94469989250277,172.66421823715353,0.014419742897725695,Standing / Neutral
928,False,False,False,False,False,159.80776958737943,103.54199630496647,172.83706493792738,0.004933673078346852,Standing / Neutral
929,False,False,False,False,False,153.39830520517475,99.2935623830216,171.36991055294288,0.008844039819840003,Standing / Neutral
930,False,False,False,False,False,153.25975169998244,93.94978045938358,172.11012091005034,0.011346646686344915,Standing / Neutral
931,False,False,False,False,False,164.79865708127045,97.45753646885795,174.45365080160775,0.01096109790401124,Standing / Neutral
932,False,False,False,False,False,174.27466662273514,99.122694698023,166.66541379735304,0.01458465980555627,Standing / Neutral
933,False,True,False,False,False,177.63958163830813,97.61703228511453,165.62248961051003,0.013758981796737303,Hand Raise
934,False,True,False,False,False,175.52384318154407,93.42368621601076,163.3257677065996,0.010094071755079828,Hand Raise
935,False,True,False,False,False,172.20175389923546,68.08051269802051,160.34314933356674,0.014893449232093792,Hand Raise
936,False,True,False,False,False,170.41740379977782,39.9873773706093,167.87692906639194,0.012843719173957152,Hand Raise
937,False,True,False,False,False,170.58159461839472,33.61031489614916,167.2252525294003,0.007041961621923998,Hand Raise
938,False,True,False,False,False,170.33275687271285,27.366515542241736,162.356055659795,0.007253697617240188,Hand Raise
939,False,True,False,False,False,169.91363852269316,45.91777875390142,156.4585433908099,0.0037480370601055734,Hand Raise
940,False,False,False,False,False,167.43700945228542,96.46702356728967,156.7525945974442,0.008014824645428183,Standing / Neutral
941,False,False,False,False,False,160.58197341294948,93.3130911395333,156.0348289483154,0.010382865269500156,Standing / Neutral
942,False,False,False,False,False,154.45010336877405,108.43827136487444,152.8201692678332,0.011630815358430644,Standing / Neutral
943,False,False,False,False,False,156.15367823167546,126.20135867382362,144.17140695162402,0.012920999586161056,Standing / Neutral
944,False,False,False,False,True,147.66282810891784,107.45870384154077,169.54591313991773,0.24018915673848193,Arm Movement
945,False,False,False,False,True,155.00880021259493,138.99977424286857,171.0734169604808,0.08571788529530995,Arm Movement
946,False,False,False,False,True,7.507158010382886,147.28326834133,163.81508537657527,0.149708565616614,Arm Movement
947,True,False,False,False,True,15.09983733089255,159.7433765130929,159.27649019945687,0.022430433441030177,Hand Raise
948,False,False,False,False,True,167.2964905429097,7.453713389917438,167.44061934820726,0.2897623829274568,Arm Movement
949,False,False,False,False,True,17.82273536093467,168.4639206324411,171.53425881835665,0.2821959642545072,Arm Movement
950,False,False,False,False,True,25.815167038786786,174.89432066711797,168.24737504271377,0.02382899632208783,Arm Movement
951,False,False,False,False,True,177.315629725359,174.5101194164039,168.91721300209286,0.026646802703193286,Arm Movement
952,False,False,False,False,True,172.35039441672714,173.09581322371324,169.6383876669159,0.015456200654734638,Arm Movement
953,False,False,False,False,True,161.76991692512132,171.88989637299605,169.32065101528846,0.021654701157462763,Arm Movement
954,False,False,False,False,False,174.70065419541396,171.46363024213773,168.29517649991172,0.013516324059741468,Standing / Neutral
955,False,False,False,False,True,175.61694427773557,161.92359675771146,168.55892881152155,0.019080183838697556,Arm Movement
956,False,False,False,False,True,179.54179340099475,164.38228423004452,171.7446896335702,0.017309746014870696,Arm Movement
957,False,False,False,False,True,172.96128519723055,174.26545643641958,168.7918264469286,0.03188994720853136,Arm Movement
958,False,False,False,False,True,168.0445274901639,138.43010006543716,165.721441341642,0.024436029598709365,Arm Movement
959,False,False,False,False,True,162.71601196533646,113.84678656820607,172.99553381351427,0.021508021758989908,Arm Movement
960,False,False,False,False,True,171.76252993023306,96.82601603746842,169.28044756077276,0.019048520761292966,Arm Movement
961,False,False,False,False,True,149.53769774948887,72.26622368596088,162.65394804118927,0.015022762847055565,Arm Movement
962,False,False,False,False,False,98.60026873995481,63.952835277775236,168.39946028612405,0.007615783907983407,Standing / Neutral
963,False,False,False,False,False,78.86164778694214,55.986416092034524,168.56464128366576,0.007833592668139669,Standing / Neutral
964,False,False,False,False,False,64.1177467201779,37.540989702750274,166.72103055784746,0.006913994798718041,Standing / Neutral
965,False,False,False,False,False,59.697089430322414,31.992048063896192,166.93675553541175,0.0070878375903275365,Standing / Neutral
966,False,False,False,False,True,126.81554353723055,42.724733283325826,171.09546306811632,0.026094594390895603,Arm Movement
967,False,False,False,False,True,100.70532925325556,29.214385997609504,165.7067336371747,0.01615923183315219,Arm Movement
968,False,False,False,False,False,91.59305390609511,14.008087792698444,168.41711533497602,0.012125320929190265,Standing / Neutral
969,False,False,False,False,False,114.69665794219009,10.98972089637051,168.4499997534174,0.008286782359928122,Standing / Neutral
970,False,False,False,False,False,105.84896892295482,4.727985637534207,167.9935576183808,0.007160172452094979,Standing / Neutral
971,False,False,False,False,True,102.41599139710803,62.78413682426226,169.66330519671646,0.017851553667304787,Arm Movement
972,False,False,False,False,False,100.63859422713182,43.28088370368315,168.74844374588497,0.014972857282906574,Standing / Neutral
973,False,False,False,False,False,89.84555877877688,43.29276102385844,167.95431062669752,0.004583368296830331,Standing / Neutral
974,False,False,False,False,True,88.54568170005318,68.67738415363546,171.58876311138826,0.016002001739391793,Arm Movement
975,False,False,False,False,False,90.8863430386936,74.16598289985761,169.9176696737955,0.005619625986344178,Standing / Neutral
976,False,False,False,False,True,102.44683612735011,59.6966909738116,166.88285970414296,0.022831044575911192,Arm Movement
977,False,False,False,False,False,114.02114313600273,80.63377914066584,169.4016608868739,0.008334883075346132,Standing / Neutral
978,False,False,False,False,False,121.18209453393672,81.16808221174817,174.0944258894242,0.004369352574769307,Standing / Neutral
979,False,False,False,False,False,132.19320580480263,82.78180871324176,171.33305473587734,0.012427845824480987,Standing / Neutral
980,False,False,False,False,True,122.1174998379934,75.87282014590451,173.4287161293411,0.01720220918879379,Arm Movement
981,False,False,False,False,True,122.32650658146926,72.48817271832247,175.25452048189263,0.01980039161422681,Arm Movement
982,False,False,False,False,True,120.9611189791903,154.24316656981432,176.57505490428386,0.022454957541172348,Arm Movement
983,False,False,False,False,False,98.21639178716778,153.31706135073782,171.02339175393035,0.012720883798962992,Standing / Neutral
984,False,False,False,False,True,79.45204280629032,145.2572289275469,167.37480501675964,0.016611389554692046,Arm Movement
985,False,False,False,False,True,80.12625847335568,144.44294756494367,159.71883127325822,0.017333644112453618,Arm Movement
986,False,False,False,False,False,86.52458105105038,138.91052603051165,158.19197282898836,0.01173852972182507,Standing / Neutral
987,False,False,False,False,False,92.33173434174675,131.5022685640604,159.36697960641936,0.012697099542271363,Standing / Neutral
988,False,False,False,False,False,108.25836670425596,123.4126792918917,163.30056736780386,0.013073750054819113,Standing / Neutral
989,False,False,False,False,False,115.4754726046035,123.02875216046718,167.52803291818998,0.0057848688082991085,Standing / Neutral
990,False,False,False,False,True,130.98791486006346,127.87490663072185,171.18409240622933,0.022481206282794684,Arm Movement
991,False,False,False,False,True,128.00737540998844,121.41408965698425,172.64164796981413,0.01967300372332607,Arm Movement
992,False,False,False,False,False,101.80103354272121,121.11302033478975,173.14287781766654,0.011724565967117014,Standing / Neutral
993,False,False,False,False,False,89.70394079715933,131.52854328473467,171.89844892172462,0.01213460420521075,Standing / Neutral
994,False,False,False,False,False,81.24726635764851,134.09375410402689,167.67334948557675,0.012619572366915178,Standing / Neutral
995,False,False,False,False,False,82.63015638084786,155.17279646285368,164.84673619062983,0.014121115833358826,Standing / Neutral
996,False,False,False,False,False,93.25653352427854,162.1070789018732,168.49541733270303,0.013486240100954608,Standing / Neutral
997,False,False,False,False,True,104.77845386066183,169.00901261624355,171.03287136407317,0.01872654969562886,Arm Movement
998,False,False,False,False,False,135.6870146031834,164.12663694224935,172.0506344521747,0.013299314175817773,Standing / Neutral
999,False,False,False,False,False,169.67177515906434,131.03300518827587,174.31727227225718,0.009519837712271597,Standing / Neutral
1000,False,False,False,False,True,160.36151055055808,75.02737980894769,174.69054806473625,0.029097865409968376,Arm Movement
1001,False,False,False,False,True,155.12212405345468,58.121819102050566,174.20234548795634,0.021444764965136937,Arm Movement
1002,False,False,False,False,True,152.9856614179215,46.9323739150127,174.72208347239012,0.016959185582461508,Arm Movement
1003,False,False,False,False,False,160.18859862438885,39.01538182112663,175.39767145434695,0.013019825777091295,Standing / Neutral
1004,False,False,False,False,False,172.777186543797,36.83093455917925,174.78092043496974,0.009396614502754183,Standing / Neutral
1005,False,False,False,False,False,103.92533691295839,37.109914568330495,173.33928382361375,0.010666667124340501,Standing / Neutral
1006,False,False,False,False,False,94.83732191354314,51.08161407115524,177.6977785220645,0.013735044226920467,Standing / Neutral
1007,False,False,False,False,False,92.22369895274151,81.17342778567932,177.03950479257378,0.00982703068119348,Standing / Neutral
1008,False,False,False,False,False,98.45059642525767,129.04102729115684,169.75306038610103,0.010641955473475377,Standing / Neutral
1009,False,False,False,False,True,117.44407019111038,108.82125864001752,171.5250679553352,0.01700755766333615,Arm Movement
1010,False,False,False,False,False,135.41705795701608,95.33934724825504,174.2427518282002,0.006024539033089219,Standing / Neutral
1011,False,False,False,False,False,143.972088318164,83.2406347765907,168.76188837660135,0.006077851420964472,Standing / Neutral
1012,False,False,False,False,True,146.8141890463366,77.98859667215834,169.65967296191394,0.017867157847981156,Arm Movement
1013,False,False,False,False,False,136.79916646497708,84.16694835091945,169.68794872436794,0.012779460441028014,Standing / Neutral
1014,False,False,False,False,False,126.58447652998265,83.64666167992922,171.08442609739365,0.006856532353485185,Standing / Neutral
1015,False,False,False,False,True,115.99455966764413,142.34196282390673,170.60074625283715,0.01603938959555367,Arm Movement
1016,False,False,False,False,False,115.82483967754781,122.53889743130281,173.16712778913376,0.011271156538947634,Standing / Neutral
1017,False,False,False,False,True,119.10055792076743,53.7160397923037,173.39743052399422,0.026571311356493377,Arm Movement
1018,False,False,False,False,True,143.41642997441028,23.250170059755394,176.12339824211116,0.021328291070348497,Arm Movement
1019,False,False,False,False,True,161.791603627296,6.531633874429434,173.3149525770089,0.031602616702606084,Arm Movement
1020,False,False,False,False,True,175.53500433601806,1.0760134499453404,172.81689607834923,0.037319449669759065,Arm Movement
1021,False,True,False,False,True,161.9327016989541,3.068686114731522,176.7723904454034,0.03574982559138531,Hand Raise
1022,False,True,False,False,True,126.91376910285145,2.6112694335188165,174.96518599271766,0.02463477130037784,Hand Raise
1023,False,True,False,False,True,108.59407520677368,4.782767025676362,175.0642896128024,0.015092930218965904,Hand Raise
1024,False,True,False,False,True,98.94986539675881,7.184083636625862,172.57363296336425,0.017350327683469058,Hand Raise
1025,False,True,False,False,False,101.12507806338172,9.474082931519305,176.4897754381284,0.014011772289360291,Hand Raise
1026,False,True,False,False,False,97.71531743609778,10.299184022058338,164.8079998917713,0.00992685142696514,Hand Raise
1027,False,True,False,False,False,93.25169539613304,11.293264416067625,154.64208811927261,0.008267411172018818,Hand Raise
1028,False,True,False,False,False,92.09957748656217,10.43095725850818,157.2770701351974,0.008257891550172945,Hand Raise
1029,False,True,False,False,False,96.4886924946096,9.575812215130789,167.6420947010413,0.00635556420467884,Hand Raise
1030,False,True,False,False,False,97.38400701181986,9.147471597955684,155.64645833060558,0.006428185062800986,Hand Raise
1031,False,True,False,False,False,104.20930309722337,10.75842884840813,173.35364206477192,0.008885277674303822,Hand Raise
1032,False,True,False,False,False,108.17247135875105,8.695001102525074,178.52461497455045,0.013580633715722126,Hand Raise
1033,False,True,False,False,True,115.77681604185611,4.984368118777667,168.886376920422,0.022637346502381868,Hand Raise
1034,False,True,False,False,True,117.83455231864846,2.473907369742116,164.15046523292722,0.0240213764506622,Hand Raise
1035,False,True,False,False,True,110.27174573798405,3.287444680022197,143.25697367531853,0.021590381123066202,Hand Raise
1036,False,True,False,False,True,118.3185546944033,2.87908291170379,150.29509741429686,0.03365970604925198,Hand Raise
1037,False,True,False,False,True,122.18319692029411,7.455301416476671,143.66242786173044,0.025705608964087436,Hand Raise
1038,False,True,False,False,True,134.26375703872756,6.107218221772801,160.58554510442735,0.02924939733403744,Hand Raise
1039,False,True,False,False,True,131.38482515959996,7.760947029657055,157.0367271471829,0.025163998808087756,Hand Raise
1040,False,True,False,False,True,134.2719195600925,8.638869413315172,161.24839587834657,0.022451955949405897,Hand Raise
1041,False,False,False,False,True,140.05637616203794,11.746692772581511,167.32926085065495,0.05837059396917206,Arm Movement
1042,False,False,False,False,True,151.02057871645889,127.87517862453986,157.1931038080961,0.16169355921710654,Arm Movement
1052,True,True,False,True,True,163.2445818461932,177.83002974309105,177.33377618066476,0.9879348771863685,Leg Lift
1053,True,True,False,False,True,146.91710401459017,166.56972521402582,176.13649265362784,0.4583674667778874,Hand Raise
1054,True,True,False,False,True,120.4266979130128,163.57950597383763,160.49542116583098,0.18705560997996534,Hand Raise
1055,True,True,False,False,True,137.07742640207616,161.97934057008166,173.46912144831754,0.15430149260507267,Hand Raise
1058,False,False,True,False,True,28.575995841111425,105.7126301535829,10.438387182979573,1.7434598297871062,Squat
1059,False,False,True,False,True,8.379657798453911,130.26266355086833,87.38330435225555,0.2549691637708676,Squat
1062,False,False,True,True,True,145.51455279912165,127.54520381461926,96.31119891599936,0.2443152649472851,Squat
1063,False,False,True,True,True,151.70902252105788,141.33911128426573,69.68271407236212,0.08863037314515346,Squat
1064,False,False,False,False,True,152.89947722920226,151.0008885148048,167.30135897742076,0.2011341784340063,Arm Movement
