frame,left_wrist_movement,right_wrist_movement,left_ankle_movement,right_ankle_movement,left_shoulder_movement,right_shoulder_movement,left_hip_movement,right_hip_movement,total_movement
1,0.0,0.0,0.0,0.0,0.0,0.0,0.0,0.0,0.0
2,0.14622570461406284,0.19208816245643814,0.03658915794217306,0.02684899490966013,0.011520273333201637,0.012088219044936675,0.022696726564412177,0.04150197788560084,0.4895592167504855
3,0.028974177653172242,0.24372430675357082,0.04725867074630719,0.010238890701920895,0.0021583734979921934,0.003576161583986209,0.018334788609929886,0.013181667467279902,0.3674470370141593
4,0.04251914522061172,0.13101582387865826,0.05571227615354894,0.005278885364868961,0.0030330200288789396,0.00559283326248317,0.010073119798321093,0.026771766765295378,0.2799968704726664
5,0.032739744912755026,0.06644726156544804,0.014634712468946164,0.031677311676290114,0.002780237103008894,0.005280824909011637,0.0059469620402637,0.007469926764590052,0.16697698144031364
6,0.014864152586633737,0.04705878118349781,0.015026219931155152,0.027150911015236437,0.0004413530608627328,0.0023560230582093857,0.002927230063611457,0.005037365231105838,0.11486203613031254
7,0.0339785328795438,0.06201858449206806,0.02021670848628855,0.0007157234516627022,0.004248851246737944,0.0054799897517043205,0.02459603203821679,0.00335967818432477,0.15461410053054694
8,0.015685849282006833,0.04964361340832175,0.011775864671186017,0.06679136691752177,0.004381288122324044,0.0018014477562841625,0.021156700537758054,0.015324339075618665,0.1865604697710213
9,0.0646966573491187,0.02146215622660053,0.08129771774220543,0.0046822799115820825,0.011445510621279248,0.0003587098025939124,0.008845984219071757,0.003409305209373254,0.1961983210818249
10,0.014768226628202834,0.027395032436601283,0.02368328777560556,0.04838309097594959,0.0023951544881563864,0.0017319213415677584,0.0034546841956606717,0.016118617882608866,0.13793001572435296
11,0.1392286740266341,0.12291645403767235,0.09123578620705927,0.008032997186269545,0.024056892519607083,0.0021109041255130833,0.011829305563712296,0.006589843378228591,0.40600085704469635
12,0.09176588651592806,0.10972202113638478,0.11835130437606887,0.07453764209283023,0.016865076442077836,0.007909651430723377,0.006067489999671631,0.008751756061422766,0.4339708280551075
13,0.09520192308755823,0.09760423919666923,0.12192154890187656,0.15668890679805864,0.033734339361295704,0.00903654496127552,0.013944312916022633,0.035370038125578845,0.5635018533483352
14,0.09231233246806166,0.07394624185087527,0.01749147406235437,0.04358994556917938,0.006591127180453345,0.006001187168075563,0.02642795125175688,0.05750258870189628,0.32386284825265277
15,0.13177216920675736,0.16762472738483103,0.02672167468109973,0.03715026683909364,0.011467239221253898,0.006993540527537021,0.03445897252580844,0.014882219368704788,0.43107080975508594
16,0.19717609856975502,0.14161917367585367,0.03179733540539638,0.46264226561329735,0.024072393049695766,0.0007290933830299579,0.03401313080348396,0.02211778817390465,0.9141672786744168
17,0.11707957138878214,0.10915350012594208,0.18153969377629847,0.435739654232627,0.06461020545234143,0.015147910088751505,0.042300354878971144,0.02549753681355957,0.9910684267572732
18,0.20622433310292365,0.01213945198523134,0.06622705581616099,0.08437389063474428,0.05168254513785163,0.03343043079346677,0.1043657338002421,0.07087598791999708,0.6293194291906178
19,0.05753975758520735,0.18213856422178454,0.2532047386850412,0.23729015137017576,0.025850317817899728,0.04549390580540314,0.0014278372029056217,0.0300186696697484,0.8329639423581657
20,0.07753331928793154,0.017728430246083123,0.04680610759767415,0.05539921676339734,0.016494688884029097,0.02168094446392055,0.11170568257386704,0.11628797179380981,0.46363636161071264
21,0.02138625027601231,0.010887991696014817,0.08877294254645028,0.05381022939043486,0.0037594544939222757,0.0213710176070235,0.07178502105576748,0.06115463716710267,0.3329275442327282
22,0.00906204078115989,0.018278234312797917,0.016857135649024708,0.037716436531075544,0.017198283523205904,0.015912896658560452,0.001355162799072714,0.0091873164257551,0.12556750668065225
23,0.02416845758591944,0.042626565329173714,0.09974025279087667,0.04105116374507726,0.008685783841770435,0.020885314085918174,0.020321062256569912,0.02810045081185408,0.2855790504471597
24,0.04052221145794528,0.08763965938545075,0.07025192228691209,0.058820789219797505,0.009975526571903584,0.020997587022523898,0.010247782201999038,0.013792148343021062,0.3122476264895532
25,0.012860195813061932,0.0560786824593946,0.005296785902983976,0.05918910528361383,0.02543681548101979,0.026192096195876494,0.018763550882056473,0.021370194845981537,0.22518742686398863
26,0.028112256273379356,0.082087374652553,0.044248812468502485,0.0017746983544828733,0.04083932430444285,0.04148321547389271,0.011894675167078957,0.007732467610230341,0.25817282430456256
27,0.019251756720391738,0.028197751026617434,0.07589977589578893,0.0549571324648187,0.022230807855847592,0.03720569723702053,0.013978669561166538,0.030324385588505195,0.28204597635015666
28,0.018032240847652672,0.0825566465461993,0.03633040578752559,0.021731120770173598,0.03261615388607557,0.045390436473018124,0.006491904901663622,0.018339724255599883,0.2614886334679084
29,0.008030022082588831,0.031160630845720464,0.0359472515397953,0.05609640968487274,0.04563903067848174,0.030294889497725092,0.007185821957641721,0.015692106573530883,0.23004616286035676
30,0.03598832329526908,0.02737913894357464,0.020262296465384157,0.032213157012982885,0.03000681509772458,0.02107136108360163,0.0033828752654802554,0.01164425989261071,0.18194822705662794
31,0.01804282673074126,0.04488248765908205,0.011706101090481733,0.016137153568035332,0.011239542199271481,0.012336756238208782,0.03508153446066265,0.021700981265304925,0.1711273832117882
32,0.01851354372979763,0.019791904516333416,0.028146857888493446,0.04388129933416864,0.006394276344490974,0.01157610694237339,0.01957313040791073,0.017965773851069757,0.165842893014638
33,0.01900688414087945,0.02321537589683531,0.008753844662084814,0.023045512302666802,0.01058052610069517,0.007636924848198405,0.01658495504757648,0.01611274477316653,0.12493676777210296
34,0.01713688957520648,0.021244570648814624,0.011681081140227903,0.015607950695789309,0.009192444192569064,0.00493645343171057,0.006244026299469244,0.00807731431366737,0.09412073029745455
35,0.013842671323967923,0.00919341683485263,0.0072603763162208314,0.007769376615438348,0.017349267928281717,0.006231581501804144,0.006275117116776599,0.0017288858783003193,0.06965069351564251
36,0.012959721122780255,0.01964975345147274,0.004869147184262113,0.005638512796342842,0.014437731624399701,0.012251310708899408,0.007752657770903357,0.0007655861699878331,0.07832442082904824
37,0.013350660221738914,0.01635101537635991,0.004464861988040151,0.009273312257431264,0.016425346020408363,0.011503238595133657,0.00874254714262915,0.003509052973172521,0.08362003457491393
38,0.009955253455708657,0.00338380643579194,0.004380119401101571,0.016192260350649884,0.016857014836223223,0.013211875751801418,0.014535835779835344,0.0046177637281168285,0.08313392973922887
39,0.014463832772390316,0.037121142184971985,0.01847853595622518,0.019294901579722707,0.014927135712140967,0.017108943048843056,0.02160215776000763,0.01867093106841607,0.16166758008271792
40,0.012111139341422213,0.04146961698128334,0.005110872443022225,0.0012239882305512197,0.014054342868949446,0.013915338027961691,0.01749363547997761,0.019473162792096755,0.12485209616526449
41,0.003913812906974996,0.014827253621009716,0.006172762699484509,0.0019428987620714112,0.012235820920590133,0.01275055195586264,0.008334516896025367,0.010510808261994676,0.07068842602401344
42,0.009437674772522652,0.012694063629202777,0.002930638133954247,0.004413048222722619,0.015926164448926756,0.010080653629988095,0.004967387389937057,0.00531699383173387,0.06576662405898807
43,0.011207805168222297,0.008513139613769356,0.010117206714848647,0.0007334747429953089,0.007208121179850098,0.0072574672584721014,0.007008922228045326,0.006212438141767799,0.05825857504797093
44,0.015280461930261089,0.0008678463318312796,0.021076024597123183,0.0006130622235968571,0.008933954460214706,0.004994774058461282,0.008377643635647596,0.00390292219850483,0.06404668943564082
45,0.01398953154637667,0.009525053037543729,0.030926301759040552,0.0002699608807871499,0.0053237622586688035,0.0009664626782084698,0.006978485525001978,0.0015133403873942783,0.06949289807302164
46,0.015012876522507951,0.0018741462135730181,0.03462435335890189,0.0021859788154122003,0.004108014877447246,0.0017127011436976454,0.0031163149604978542,0.0005289186172626124,0.06316330450930042
47,0.008905692299828736,0.0071138989366010446,0.0389775980067286,0.009271650343280249,0.005584138305302322,0.001339249974058449,0.0052447358441127774,0.0026306871371672602,0.07906765084707944
48,0.007137510877077323,0.005576867206537656,0.014626444343576383,0.02892039851267963,0.007162873932340595,0.0034311136330174,0.005474234820886603,0.0022733554954468744,0.07460279882156245
49,0.007309508171723596,0.010002335318445445,0.015994423507506517,0.00530827693503086,0.006467332784278484,0.00851400043899886,0.009393943627328183,0.004636442224782346,0.06762626300809428
50,0.00991598241060729,0.003260019688491202,0.00235418846225911,0.04753260547080342,0.011505121883537639,0.008105929913408324,0.010300682252097107,0.009738126223189253,0.10271265630439336
51,0.015120986132229038,0.011729050099460254,0.012715206882396097,0.004862619501292165,0.009519761318971297,0.009103227923474714,0.007629071553852003,0.006060820392473738,0.07674074380414932
52,0.018634621243953434,0.009847101049947593,0.017428164504298894,0.006356164346239578,0.010155338357204358,0.009251650510244777,0.005408199156870029,0.0062037544493255044,0.08328499361808415
53,0.01367988482399479,0.003250907782724852,0.0072550413960258886,0.024249148989648965,0.007407712488304691,0.007008937512685673,0.007091832384266988,0.005722271658139931,0.07566573703579178
54,0.00792673039145305,0.004735413502164426,0.0059915522776213025,0.06836007766181539,0.00784377962411171,0.0064163307134482706,0.004904318247959137,0.005673786926061073,0.11185198934463436
55,0.0009422642285813772,0.0059021496369350565,0.0035873260258389703,0.019834955740771723,0.005365089622485783,0.008178340264453132,0.0007966857736776982,0.0027351594911403368,0.04734197078388407
56,0.005063109966880389,0.005409024137301559,0.002201340132412368,0.015904074501167535,0.006590251925419726,0.004067731301546065,0.0023922339001935296,0.002257300751420813,0.043885066616341985
57,0.006262328441053213,0.007497702710300481,0.0021858126685545703,0.022240162172846425,0.0059202276058098816,0.005845476975363151,0.004886833376265178,0.005049150500980251,0.05988769445117316
58,0.005880569216938127,0.005497870258861552,0.005614106159545489,0.011710294446790018,0.0029809319205299856,0.005929137604853797,0.005071223345738276,0.0074509805161910485,0.0501351134694483
59,0.01164951985814111,0.005431461561269614,0.00261415854304925,0.0022285656230766728,0.00445825186546088,0.005478818235999492,0.007916686036945337,0.008627254868393804,0.04840471659233615
60,0.005582507151268375,0.004720678714875879,0.008487883070371167,0.004791214753837153,0.00360713245889178,0.005878267542026429,0.004931314869118213,0.005570431058260524,0.04356942961864952
61,0.0011392136897790473,0.008652750016556012,0.006902289034074687,0.0035074424526816725,0.009235649984152617,0.005866567718865695,0.004347082156160559,0.004316350627415529,0.04396734567968581
62,0.00051559943648293,0.013040140483480641,0.0063459299367522445,0.00884528246884098,0.006065230476838603,0.0070201406824355935,0.0031223854132686017,0.005260633353429007,0.0502153422515286
63,0.011709496684948407,0.010383505487684661,0.012282955414662101,0.007751501841562427,0.008023053493740877,0.008197801973107603,0.003911446320641262,0.004277921140873913,0.06653768235722125
64,0.011240233502418328,0.005515953245567384,0.0037187757237152567,0.0036391467874657716,0.007506978383749951,0.00399129969309636,0.0043268471689389834,0.005479066729823682,0.04541830123477572
65,0.008159034874536845,0.0041454435761777335,0.029323580007623508,0.004234701875335119,0.003161259969181195,0.0020840977849539842,0.004754777840354201,0.005280073323504296,0.06114296925166688
66,0.009473756185281701,0.0019282323325738489,0.01677119922606826,0.001847208411713911,0.0015070061631514522,0.0017024964087145786,0.0017299905066841875,0.003120283113217599,0.03808017234740554
67,0.006155331397624396,0.006288809974019488,0.013592687324131084,0.0006024510803467652,0.0016128844517984628,0.0014638610800180333,0.0019817458937344723,0.0034652137113056476,0.035162984912978354
68,0.005406030527071791,0.011812201211942663,0.027219366059462874,0.0025925551507951466,0.0018733270654835575,0.0053478402635754345,0.008285684266792796,0.01190186164562592,0.07443886619075019
69,0.007772689025719217,0.016092398023160707,0.01860870954974028,0.002214964487525389,0.009212169525389837,0.011829799097413572,0.011537506435939898,0.012338912038041501,0.08960714818293039
70,0.007880516089408651,0.01636359588119236,0.014384323901259601,0.003635763883216441,0.014422973287431055,0.015913475586386627,0.010322629064248242,0.011558973662314117,0.09448225135545711
71,0.006588780517638351,0.00960585563320209,0.015829472734569812,0.0017380357704799715,0.010301868323746497,0.009072565493630691,0.010717794974294668,0.008259947024659688,0.07211432047222177
72,0.015615717432229875,0.008161364265366927,0.027274126933418304,0.00040135767901647605,0.010012657552305222,0.008381555362266882,0.012602391694401256,0.009537823407452477,0.09198699432645742
73,0.022095957243511873,0.004748662383328306,0.020988450597297537,0.00216188088053895,0.011910238139365363,0.013930867214219997,0.013336596529887041,0.010322886682943965,0.09949553967109304
74,0.016970814100867995,0.005246856837601367,0.013562990665566477,0.0033865056411792158,0.010868162477638346,0.011348173861547968,0.011175960789160002,0.012098267061249104,0.08465773143481048
75,0.020282946734882186,0.014103092454025903,0.008825881600795905,0.006547156740514255,0.013756245882519244,0.01145503582611251,0.015387145921325758,0.01448754323911879,0.10484504839929455
76,0.01721063223274355,0.011440069109732066,0.004468146906241711,0.007392073383075224,0.009790663224841676,0.008634976570912488,0.005095867409134303,0.005683078372379367,0.06971550720906039
77,0.014620142155602232,0.014198154115802891,0.005866267703005932,0.006493548888731291,0.003701582375812222,0.0029766360579850408,0.004651099798527562,0.0032943949280750747,0.05580182602354224
78,0.01095853058964859,0.012386429101641592,0.0047686093990060106,0.007134135884821633,0.003245961801146913,0.0012785671274353604,0.0031154830849007167,0.0020442649649927867,0.044931981953593596
79,0.002322524564765879,0.001001866395110934,0.005224173360223884,0.003398687435063369,0.00035394744212230417,0.002385882723867875,0.0013114353093392193,0.0014055303735888735,0.01740404760408234
80,0.0006831504447282254,0.006078433733121012,0.00223477172566243,0.0013218779978946067,0.0026444638680723277,0.002675589994044354,0.0014028941939787226,0.001766573185196435,0.018807755142698113
81,0.008001423009830703,0.0069563611075587955,0.0011825424678312574,0.0009720885430671565,0.006068200871699211,0.0027229429300466065,0.0015878700368738557,0.00044543824091688284,0.02793686720782447
82,0.01681237602462757,0.006096812157704579,0.0012907448306931047,0.0008028694984924175,0.005182088314036839,0.0011195139903202628,0.003147350862775711,0.001683802162400834,0.036135557841051325
83,0.0329205251840351,0.013263616996960508,0.0005237201958571867,0.0010646352331937822,0.008438584896120706,0.004482988180763701,0.0018081342776966939,0.0019381683584750254,0.0644403733231027
84,0.026317962240690624,0.011730044078432521,0.000157470925505181,0.0006909635558192483,0.008671145515113042,0.006695967165600271,0.010193630804550307,0.003025934795614871,0.06748311908132607
85,0.02081723930206777,0.009559183129286693,0.00020046034537956408,6.071774672396707e-05,0.004241772175565392,0.002506049419346317,0.00386532190520903,0.005791684922140691,0.047042428945719424
86,0.03238960636541295,0.009951436760153207,0.001663369428513498,0.0005972906961541354,0.004385296079699565,0.0024968114203177145,0.00034074087763754155,0.0013114537498951297,0.053136005377783735
87,0.021054501225285887,0.004400632093032805,0.0028722994234164152,0.0004395585537525249,0.003347058862662909,0.003154643065070891,0.00026301589444108697,0.0010225179803611216,0.03655422709802364
88,0.024318892987479624,0.011117183129784753,0.003379209757856374,0.00047875461491856606,0.004855220895129805,0.0035929496647408186,0.003709699795066666,0.0010376695248143519,0.052489580369790956
89,0.03161418751181113,0.008475389468479947,0.0008640214080942281,0.0023727660364469,0.01545863580822686,0.014381529592007893,0.0074760367189009936,0.009840542495978752,0.0904831090399467
90,0.025092103075758782,0.014232180004001503,0.000249852774511431,0.004650027771947471,0.014503013301093267,0.008022092160343773,0.007837197840208716,0.0038871953055042855,0.07847366223336923
91,0.02243712623768012,0.006877518209245809,0.00012920176733593642,0.0031474576411545593,0.012218409219314372,0.010587352015883494,0.006141659887275575,0.004885982912582997,0.06642470789047286
92,0.017051721956370607,0.006702034142549855,0.0008961811345952926,0.002639283394116395,0.0145788489665592,0.010084374902376852,0.005222642921721315,0.00451024482631685,0.06168533224460637
93,0.011649368091053143,0.015569086584743442,0.00014224576982362064,0.003962878728729594,0.008673053398185422,0.007648510535064473,0.0029369501924057175,0.0022396858888300577,0.05282177918883547
94,0.014823888417613262,0.0050570641899555764,0.0008732241594077722,0.0003877236831849381,0.0032194989817628,0.006289966896182036,0.0031983743218481956,0.002409324891329194,0.036259065541283775
95,0.014252682791104391,0.0034109921949023615,0.0011479578158456252,0.000804837084348141,0.0013333547006076404,0.001954525782768496,0.002059035127618179,0.0015433972209740764,0.026506782718168916
96,0.004861304320794021,0.0022059335486673912,0.0016610657846220813,0.0005341992733527476,0.001992302205656294,0.003996439227336475,0.0017238062329062228,0.0028246682332957263,0.01979971882663096
97,0.001977504630069243,0.0013652588830622156,9.491195165802326e-05,0.0007071423218977957,0.0018461582085546394,0.0031084256458312302,0.001358526560311957,0.002631922341409673,0.013089850542794776
98,0.0026154180949140658,0.0026066383374222075,7.130793401006103e-05,0.00012592181984739378,0.0006621751017624712,0.001028788733723392,0.000345237059088426,0.0014309636685924255,0.008886450749360442
99,0.0010733711025890987,0.0015988471872067822,0.001017619794281618,0.0014883137761295324,0.0005236932099604323,0.0007379643324788821,0.0014778132687928401,0.0014859926737979398,0.009403615345237124
100,0.0017014674214250276,0.0014358895516626213,1.0617827610645046e-05,6.673404811484313e-05,0.00041230739146629514,0.0006479892249335885,0.0014547684562671104,0.0007792825078769436,0.006509056429357075
101,0.0031410363216753875,0.0012392833779107373,0.0004999150432143815,0.0006291212768779944,0.002035534447875475,0.0007868759254620541,0.0022687465175125513,0.0007476272423701761,0.01134814015289876
102,0.0042149211349771076,0.0022917141095800215,0.0005884791964776887,0.000333783376419422,0.004239495412441915,0.0012376485755385327,0.0029631924255293113,0.001795572786575862,0.017664807017539863
103,0.006315516870315651,0.0015317527887653525,0.0008785675508382473,0.00020540422396331663,0.003159710915370478,0.00045964137953493413,0.0021053619797007463,0.0019960175947859545,0.01665197330327468
104,0.006294172819450389,0.0015902269760918423,0.00029954304595262933,0.0016083564313674535,0.0007939187813984991,0.0014944397487298105,0.0011104619026138258,0.0024756979436455187,0.01566681764924997
105,0.005696275806405678,0.001510342428480917,0.0007808431433813835,0.0009288922777409941,0.0010939095494534043,0.001766503964600945,0.0008511211539229815,0.0016703620319581385,0.014298250355944444
106,0.005594807279322612,0.0008605826051457243,0.0002807809003028768,0.0004954667754537673,0.001241510037953228,0.0019139783812421643,0.00039198964161253055,0.0020250491513076514,0.012804164772340556
107,0.003169176499264642,0.0008145018763096768,0.0006038016916015359,0.0004893828860128154,0.0007783226665236516,0.0027535783853508706,0.001122208399261885,0.001679002100287913,0.01140997450461299
108,0.0035295510894573475,0.001559535647778955,0.0007171107045604831,0.001384979590085663,0.000308367041975828,0.0018224394465586222,0.0013430781253282312,0.002332195692879387,0.012997257338624519
109,0.011651848465740924,0.004124483797443783,8.65930568260316e-06,0.0014796886583311414,0.002731781323429794,0.0014557462724374864,0.001198670866580655,0.0037164093139351265,0.026367288003581513
110,0.0037136947358602413,0.004776070557456305,0.0013299425191849246,0.00010471750714658042,0.005961077842743506,0.0032618789282597097,0.0016585166605491285,0.0023729605815585083,0.023178859332758907
111,0.006290902365757316,0.004982823129757533,0.0001349707139026221,0.0008605549417084633,0.007317896785686046,0.003808994135741159,0.0022000660453450594,0.0033063279872383397,0.028902536105136538
112,0.02919673243430691,0.004882808916225728,0.0010471879041406048,0.0029096102740024405,0.008608834032654803,0.00364812463003836,0.0015204808664829096,0.0028290718578171782,0.054642850915668936
113,0.010900400144576133,0.0033374493892534243,0.0008854079549417817,0.003375107538879824,0.007602124002809819,0.00984651784038964,0.001097770944463651,0.0021533826794569396,0.03919816049477121
114,0.011720191780855043,0.004404082647554845,3.77920240812215e-05,0.0010391467975149242,0.00612005044666851,0.010845217849842683,0.000978248965908436,0.0024954245191152564,0.03764015503154092
115,0.008854295957214877,0.0014942511837217232,0.0009645513054132138,0.00343264805035489,0.008087454684451666,0.008348046450679365,0.0009229031855260771,0.0023934466701843117,0.034497597487546126
116,0.009394906855058793,0.0009094605475107914,0.0018436372991092436,0.003099679952057167,0.005789144315153448,0.006058345528147058,0.0003648156076260921,0.0003972526472907334,0.027857242751953323
117,0.009902577490655727,0.000789674489266156,0.0007066134886617682,0.001549616619883952,0.006883240352929557,0.0015725166576995816,0.002137149723334408,0.0005814083341562131,0.024122797156587363
118,0.010402643772482444,0.0005066014031869628,0.0005316835948267758,0.0006696583856515834,0.01186317593203151,0.002832546800036126,0.01309518543443717,0.0035340766281895327,0.043435571950842106
119,0.00904632918236271,0.0028101470845939905,0.001963862520394419,0.0016561452499727805,0.009600961874084974,0.0014564210223472858,0.010814780964877138,0.008436222985386765,0.045784870884020064
120,0.00922474169196692,0.005568016404998321,0.00035818059745840175,0.001513347128211302,0.005645362270850419,0.0026256583671418945,0.009619101460183707,0.009534090297913952,0.04408849821872492
121,0.011371947615852421,0.00768804423668597,0.0012613622987698654,0.0017690629612962109,0.002161087664665992,0.0034791145880160293,0.011951270291219838,0.00974780515566767,0.049429694812174
122,0.023501169913624966,0.0031143938984664844,0.0006011882286952347,0.0015345190124806014,0.004363803067812598,0.004899305271035782,0.014146706917271646,0.018144086933741074,0.07030517324312839
123,0.0082044780901969,0.0013198415308171973,0.0002874686043838557,0.008974351499514773,0.004993462106165329,0.008048946201434886,0.01399984593302243,0.016966332048333373,0.06279472601386873
124,0.010947835944887786,0.01732902583423366,0.002373694800298372,0.0004691132523594852,0.006028237332826917,0.003942156782229286,0.012253259307414383,0.010040552674617382,0.06338387592886727
125,0.03393257531923786,0.040518644956917996,0.002492374473241445,0.002347852985411701,0.0068168034357421305,0.004460219687020002,0.0029276996991594913,0.005048353212423017,0.09854452376915364
126,0.05112544682098836,0.05542078851211893,0.002947066240420953,7.913490862232214e-05,0.011292316832552588,0.002171238096117604,0.004155963364684844,0.001368745262329495,0.1285607000378351
127,0.012440669912541117,0.02294579365285866,0.005588861976422076,0.001957486903711175,0.0034564862977314002,0.001470130273477848,0.004157637228439839,0.0025428283970102775,0.0545598946421924
128,0.01629709363851117,0.0336594466476687,0.0018347938173222582,0.003515337835652052,0.0019828686639868105,0.001357759923772198,0.005214023257579559,0.005207497112406391,0.06906882089689914
129,0.054084237264200904,0.026181871877210394,0.023819827026751263,0.0002440383927619115,0.0024852035372763914,0.00117817010882151,0.0013612678493826762,0.003110225394955075,0.11246484145136013
130,0.058240323787381545,0.023145010634270987,0.03718327034454326,0.0011191434612833123,0.014565436598515405,0.014748441984649484,0.023910418689416835,0.018713455613997464,0.1916255011140583
131,0.028005816296888027,0.013530887530259206,0.043656654258754736,0.0037575908962969033,0.007461301058664192,0.026533856864114157,0.01957317862799933,0.02258640747315976,0.1651056930061363
132,0.0640717272714426,0.02730736990716576,0.021614192598817243,0.006479457743818664,0.018567817840359737,0.022356828398484803,0.026530437777856738,0.022811876038061195,0.20973970757600674
133,0.1419219143421293,0.0036578746494765886,0.0031060290876085586,0.006164549228949497,0.01714152899488945,0.013986810682661591,0.026157183691509812,0.03362984213058787,0.24576573280781266
134,0.04833985726571408,0.005617482874283438,0.0011921492354669341,0.026015401994599167,0.026238397699115828,0.014185410949007955,0.03043875690144529,0.02896909529643073,0.18099655221606345
135,0.12635740432269185,0.022941970493743573,0.010833632587543478,0.05031594186791671,0.030490417193700145,0.007215924921723026,0.011738513088191023,0.008566752052497585,0.2684605565280074
136,0.05197964687580446,0.01807320714403696,0.011620765772692236,0.06443144145303649,0.033189694515285695,0.008907899121317732,0.013783890572085221,0.008091224353139328,0.21007776980739815
137,0.017312106890500233,0.01559529989324374,0.003788282756464365,0.07684564769005997,0.018278199274578154,0.022613105578388276,0.0059641051156108195,0.005999242240750197,0.16639598943959574
138,0.013483089940630176,0.02857234684207898,0.016373960808899326,0.03942282928622709,0.003054697937818405,0.01251373287575262,0.0054096614657474194,0.010414571955104274,0.1292448911122583
139,0.05342540524227442,0.06812961199231413,0.007021094618779312,0.028448174121613837,0.011858883469107,0.0044272849828085,0.0035125634412174417,0.0010901648956471524,0.17791318276376178
140,0.11218741732886507,0.08282174981380269,0.005132302384684969,0.02316240047169519,0.008300500100952509,0.004688505418435872,0.005736914302682868,0.00237341825503015,0.2444032080761493
141,0.05469013361210513,0.00905615456180923,0.0014611906574433261,0.03313824018917071,0.00913971169945917,0.005222358422351285,0.010876337242590932,0.007806606294423372,0.13139073267935317
142,0.044846753710143246,0.029686542622678794,0.000978581283293673,0.01570257123372173,0.0073401870740623714,0.003934479728127883,0.006310445724772831,0.0052113810270322655,0.1140109424038328
143,0.01192562645507316,0.04650179448049212,0.0003505500017265985,0.06899694025508876,0.009805761686379769,0.009169785019729221,0.0030247607515261695,0.0036015269280005448,0.15337674557801634
144,0.010267051292878016,0.03931165629919294,0.003282820003931309,0.08151576106597078,0.008538425418923837,0.0042054221721181334,0.007719132057314089,0.020674712822431756,0.17551498113276084
145,0.01849351896829035,0.025119635161157568,0.0023957228768292406,0.08597221297832783,0.015291575915839328,0.013058842965415558,0.02497012222951502,0.02423253869437315,0.20953416978974806
146,0.01898324741020114,0.004785610458473498,0.002797369611444694,0.043051425869449426,0.020786253485369506,0.014232194547294904,0.038695325440532516,0.03179993428680141,0.1751313611095671
147,0.011891308777749323,0.01994734827369684,0.010352873930397273,0.0036301998377664276,0.030848953349771942,0.011487058962274156,0.04228491430431572,0.009926853835557475,0.14036951127152913
148,0.004649393363725294,0.054986464323540235,0.08189527205266808,0.006708350960997882,0.006222259767767354,0.02239235147694715,0.003128599294060923,0.02827431688245718,0.20825700812216413
149,0.024202725483258945,0.04460045823060856,0.09436764015893308,0.015374930695094786,0.013614698368296527,0.017785613931656143,0.009178949383414391,0.008803191013642901,0.22792820726490534
150,0.018653346676522516,0.0337576135301302,0.009594205230076243,0.0030040398742236687,0.013814785259611733,0.0013121063979562016,0.008891979690943005,0.003309831437105739,0.0923379080965693
151,0.05983965162513326,0.015656263672838684,0.03113337398943615,0.0016920207096263373,0.0014782976374700357,0.008569176832821584,0.002124103105199387,0.0028614297530420154,0.12335431732556747
152,0.06459322946519107,0.014489454943563565,0.08567358631718168,0.0018461475390281973,0.004020351809141045,0.0064106117565317375,0.006340086984607929,0.002107734131663745,0.18548120294690892
153,0.06334662595496877,0.02633718314960349,0.020578256291123708,0.001602367384445885,0.0029488529129393496,0.004406511065339195,0.0068884233488266805,0.007225485121602289,0.13333370522884938
154,0.03233138286584236,0.04245094265278066,0.03675892975531769,0.0017546228871122014,0.005183318292725718,0.0035637498602041637,0.0061579421854157405,0.002831767313183384,0.13103265581258192
155,0.0765041564450134,0.015366481652525956,0.03661569622974523,0.00175915480065119,0.00530363487605106,0.006192427804653291,0.006025481417265075,0.006433207058772545,0.15420024028467777
156,0.013406197240374715,0.006811606072432969,0.059347160466113005,0.0010898240473013277,0.013127951593190678,0.004162197208719226,0.008670184481839985,0.003405983405196356,0.11002110451516826
157,0.09257519539522475,0.02049278835245511,0.07783511775082899,0.0008307430081239463,0.011329681898177037,0.018271284312075153,0.018622499029904312,0.018574947191863925,0.2585322569386532
158,0.10305060766194647,0.013453660188805979,0.09878035699098187,0.002939447452947076,0.0110192414756928,0.012291491613950883,0.021600782913926697,0.021786848913796678,0.28492243721204846
159,0.05917435603725727,0.05684613177582188,0.037059004781931755,0.003370417234591964,0.013843436419330162,0.015960876002979473,0.02348265253896531,0.024604383001888965,0.2343412577927668
160,0.03303708782493845,0.06954758452824432,0.008785845870415102,0.004348297228467226,0.012819808565867714,0.010293832248880438,0.026623083256169078,0.022149715137557698,0.18760525466054004
161,0.14469796532374513,0.06375031051920485,0.017312608152103087,0.024827275539829635,0.006354384868222321,0.009071888098343327,0.009694860888395641,0.010709135890255133,0.2864184292800991
162,0.053552577285807916,0.07048520577061619,0.009774743717584222,0.01927471535935942,0.009603942089886809,0.0061759366084494375,0.004401907373190837,0.003841660710512992,0.17711068891540782
163,0.038415269619768475,0.05524262645150662,0.011216255857111059,0.015784331871105582,0.002060411175941564,0.0028441155825001123,0.00836138648488591,0.006077652901845052,0.1400020499446644
164,0.0507109642015431,0.0298565855560059,0.004446526996684199,0.006491547247549914,0.007595321239166092,0.0007299292608530595,0.004925531388777581,0.008821030593654827,0.11357743648423467
165,0.03457294573818774,0.03329707217247505,0.002009818393856288,0.0015658360961466446,0.005390016203086847,0.010818108448173077,0.003357373814824371,0.002307245515853415,0.09331841638260345
166,0.06281172616556734,0.030481413418882743,0.003928921246355604,0.005817763015927523,0.011401787281051672,0.0036805170841454756,0.0026719670852587305,0.0027676636327088468,0.12356175892989794
167,0.02553652542802866,0.08925610271936965,0.0006990344942813013,0.004243760859019286,0.002565298992496659,0.0033818896548900306,0.003042823830493464,0.002852862713695727,0.13157829869227478
168,0.02307835960384263,0.06975464252992776,0.0017835197430105412,0.001986437475623744,0.0007194936146852173,0.006837556533141927,0.005118447649120103,0.0036943909416512237,0.11297284809100314
169,0.07925871415771661,0.0447995392310923,0.009633784132514605,0.0014575603433963833,0.0006848579520653744,0.010449519280435162,0.003825494846545501,0.001394838449705484,0.15150430839347145
170,0.07936805678719212,0.046049822180220724,0.0012803338895518432,0.0014859009804398216,0.0016110609785170205,0.004488646012547716,0.007901156194064037,0.008259578554819728,0.15044455557735303
171,0.04593629506120501,0.03895632274535754,0.0043213895695845,0.001789201667503772,0.0037032309005168157,0.005808654967882291,0.008991141315809095,0.010744027125412734,0.12025026335327176
172,0.028693705275670806,0.024383998762637818,0.009616200902253897,0.0007739732551594352,0.022053918841216217,0.00667952014769161,0.007881675319583734,0.004047912538154201,0.10413090504236773
173,0.03798103674218041,0.008767098276082496,0.0020153101136577358,0.002081145829758589,0.025714490409651975,0.004671906533571005,0.003647469131379327,0.0003152787389596575,0.0851937357752412
174,0.01216500127895501,0.010100799066339546,0.0012772373931083194,0.0013380047738424325,0.02374853228146237,0.004922698617805807,0.006348089740390797,0.0059117366617339765,0.06581209981363827
175,0.016021330035990787,0.0063267776983214575,0.0034723606448156283,0.0018212628116158606,0.01566794649674619,0.002755427155166749,0.005083706776441006,0.008670161903709686,0.05981897352280738
176,0.012034661949731355,0.0035800734066904387,0.009104970733832263,0.00010894888192900858,0.0009056308901417831,0.015380712604144697,0.004165852176900452,0.0012014152453504864,0.04648226588872048
177,0.011918242046109898,0.011923855732400426,0.004930391758150269,0.000855948576379937,0.0009041253338845719,0.00865457320270247,0.00270990115445268,0.0074758125958193315,0.04937285039989958
178,0.027324716117865872,0.001576945696437951,0.0033830935870681317,8.492396494648448e-05,0.006062852589036218,0.002752247969554623,0.0045990079378297735,0.005345347130555868,0.05112913499329492
179,0.013242775587495996,0.12846895444988696,0.0030730364764613213,0.0012593302104843297,0.004068748991648699,0.006089016495750918,0.012036342595739522,0.009909154929994548,0.1781473597374623
180,0.008199371841208957,0.007819193029460133,0.001821927275565486,0.004451492326594515,0.026157207294275085,0.0040380040441322035,0.020278430844354565,0.0011202754762351843,0.07388590213182612
181,0.01983252968077859,0.015259120530690302,0.000997369919376859,0.0006810698888187391,0.01450571107677744,0.002322256561460536,0.0030939251342338597,0.012377287458391357,0.06906927025052768
182,0.022468439751345784,0.025724321504873016,0.004254184400281645,0.0016862702135867272,0.019174015434147967,0.0012400522023896323,0.00424615941929046,0.005792546569482872,0.08458598949539811
183,0.01347190642257518,0.09553887072613215,0.0023094985936831488,0.005907091911347491,0.015951526520486457,0.005119048160004298,0.0021816186841281497,0.004035304134861059,0.14451486515321793
184,0.00493846033303171,0.0737961730230798,0.0018224926271411708,0.0002680325376524173,0.007261313394016749,0.01893733489217785,0.0009883626021216787,0.0009205823636270724,0.10893275177284845
185,0.009768069053032144,0.01909459636037534,0.0011929540920874414,0.0025376226179798776,0.004376596565738951,0.02034533559773141,0.0005987939572314956,0.0021036436933496946,0.06001761193752635
186,0.012689390042763784,0.007449789897208246,0.0015740091984304966,0.007844161856641892,0.006118272682356633,0.012827599094872124,0.0013904152342298318,0.00235494808627663,0.05224858609277963
187,0.010274739577931232,0.01533567582081976,0.0014747367117394542,0.0014932151852910009,0.0023316140036877576,0.011919005365332507,0.0011439147330598758,0.013273055653220409,0.05724595705108199
188,0.011129896384688965,0.025328042109040456,0.0006346443983209882,0.0043318051183239255,0.0013892800356658632,0.002453420573173846,0.012846541041940024,0.012647612872331777,0.07076124253348585
189,0.007777046833895304,0.012260247061734394,0.00028399949510405384,0.0017036537058214081,0.00211542557526661,0.012497939266711777,0.011253675854491958,0.025586098234379906,0.07347808602740541
190,0.005649847872938612,0.021592168792764502,0.004751601100126824,0.00046148205283297257,0.013091825720948691,0.011469868175672424,0.021770416416089823,0.0099397452686076,0.08872695539998145
191,0.013629426732194468,0.03926838184977748,0.004801412460900469,0.003837921612782973,0.01236641582448512,0.01207804414083589,0.013237712514823684,0.007659337549457317,0.1068786526852574
192,0.016642503139782727,0.018324591030672473,0.013326614409041374,0.03643461542590204,0.00925770806127999,0.011097793988800255,0.01508410407601084,0.01491728594784035,0.13508521607933005
193,0.015535926945316489,0.004506798603774007,0.025718427393791383,0.06356042215564922,0.00018562484576244652,0.007700451598451778,0.009292156646021467,0.007585700117393203,0.13408550830615998
194,0.011835665652124025,0.011395868943354795,0.036563313338333486,0.11321557616628362,0.0038301236080357497,0.007482090894892503,0.009962621055291873,0.006336295814640308,0.20062155547295638
195,0.008163054885357556,0.0055626999771051,0.07236917670972627,0.009149089248621395,0.005768438812642419,0.0025812408292469028,0.0153237127710857,0.00189865644874202,0.12081606968252735
196,0.04347116612601979,0.009880814593529713,0.006847222145699744,0.011784638168975575,0.002023278503604464,0.0037452694567649742,0.007891236689235213,0.0012380668996855944,0.08688169258351507
197,0.050697770946624796,0.04459901227609136,0.12760451593744213,0.02882508139645572,0.016972144470937613,0.012063896578738277,0.005139634130492123,0.002570248561350312,0.2884723042981323
198,0.053529548855368765,0.02991630421273474,0.041906800008853835,0.018678520354699336,0.010942390664046345,0.00922132260452974,0.01448014484879599,0.018515919626775106,0.19719095117580382
199,0.04547749833669768,0.026541678829161395,0.053041631491006706,0.006192619868893609,0.005242352805417953,0.01006916285557016,0.009575303443005853,0.010331444631786979,0.16647169226154035
200,0.036200117792105475,0.021130329161037253,0.01233699422837233,0.006179144769435375,0.012901084109066286,0.014442512404156848,0.011227480606693156,0.011774851962122844,0.12619251503298956
201,0.020245769701055048,0.01022775126398009,0.011107445945388325,0.009689639476315837,0.009602674208707807,0.008213018467378925,0.008126091195877526,0.01358031354519897,0.09079270380390253
202,0.01611329239863732,0.0054580725005022555,0.026841827171554474,0.005378388279717706,0.0087794439556597,0.0052888929215296945,0.014509827560492934,0.012961448226910244,0.09533119301500431
203,0.005268987239172441,0.002104188717206776,0.014468538921083702,0.005110025640876201,0.005800027751666636,0.006871019228183951,0.011667697670632946,0.008160395665128065,0.05945088083395071
204,0.0034650891385118524,0.0013535920253409835,0.005569139875839146,0.0035316936039492346,0.0035660098725928805,0.0015347712530001743,0.010575099677184233,0.005492310800301929,0.03508770624672043
205,0.005728398121358676,0.0028137115756754747,0.007181139741964014,0.01951965010907219,0.005499871219566269,0.0016584827316988545,0.006555329166733458,0.009218246907987431,0.05817482957405637
206,0.02481275563125908,0.023445839188044302,0.007241106116153624,0.01466820135805215,0.006350364869880396,0.00026591531939634306,0.011907459547134687,0.006879156350314741,0.09557079838023533
207,0.1301765675524249,0.0472009601715066,0.046064422514398,0.06811767288813034,0.020782274712134542,0.01606602074480836,0.008766973714813279,0.004773636035275052,0.34194852833349104
208,0.07918839484549103,0.012810758940772271,0.005493025721197302,0.01977306386152844,0.018552291301132486,0.014236221044443588,0.014445298384240792,0.0030236803753767713,0.16752273447418267
209,0.10672182246490756,0.023557057973844296,0.0486969014755862,0.04446368047820493,0.030638007582795827,0.03503119036298743,0.01840984990986689,0.03025500122747259,0.3377735114756657
210,0.08331207276696091,0.029180999368152865,0.00295321673769561,0.006067029675940529,0.03511351934202644,0.017796280746445223,0.009534807819448212,0.025123811245467895,0.2090817377021377
211,0.006690295242536164,0.08366049772922597,0.004573946355727306,0.004763046948872789,0.021632915333544164,0.021037556584633892,0.011942984076229657,0.022655600679577483,0.17695684295034741
212,0.017652392655493097,0.04645931620639089,0.002066493096468872,0.003097124822603114,0.025766385950904278,0.021855849938669774,0.013173632406701248,0.013591957925309203,0.14366315300254048
213,0.039130355952742474,0.019945368704030637,0.010831109269234621,0.010480119933042166,0.015339223096666629,0.004523401923591264,0.004023891852898123,0.0035962214759102827,0.10786969220811621
214,0.04292674150293333,0.01746077771024172,0.027112736734819915,0.0036392624397812347,0.003364071188940555,0.006414421970573441,0.0039257800862572845,0.007638282131275824,0.11248207376482329
215,0.0113147006759246,0.013499636501769819,0.01950920071294716,0.013423518662611036,0.010198936057149123,0.01350948577823601,0.002788153472004394,0.007535722822428479,0.09177935468307062
216,0.015796082785187432,0.004107030889356815,0.03020392634660851,0.03955888387916684,0.01801263001672263,0.014338929055958493,0.006709919611318821,0.019380314342777365,0.1481077169270969
217,0.11941179745730231,0.021618525168376205,0.015444569981986405,0.002407151930655118,0.03757993637484427,0.025528135929331137,0.01179571371142155,0.024302958448742525,0.2580887890026595
218,0.03961033767167954,0.007765082399497568,0.0011827834122703695,0.017060944258218032,0.006031456939332,0.015839030079518264,0.0018507920637073592,0.004753669576523768,0.0940940964007469
219,0.04703810138993747,0.011021867947883327,0.0018345490767171712,0.015375750523901844,0.019680442566140717,0.021967281917833852,0.02653950381581633,0.007070702937449331,0.15052820017568005
220,0.018383693709577834,0.06499080940625421,0.000955636033397917,0.009204383038866388,0.01573873254546462,0.020954707533161174,0.01973110843465578,0.009578113992472404,0.15953718469385034
221,0.02151873297276258,0.06362819346191408,0.0007054744519080415,0.0020324545380766097,0.027612981116340727,0.023967515172894287,0.013303677712509503,0.007495725759239328,0.16026475518564515
222,0.03735026766717915,0.048107129332802444,0.0052758662990664805,0.006100961944735041,0.016854006862450463,0.00984756332986698,0.008861328737821587,0.009495194348806133,0.1418923185227283
223,0.02718969739440768,0.031548201841021445,0.002582422704866099,0.0011283437596478472,0.0038046541709350653,0.003582594874884146,0.008474980072479973,0.005732484004199746,0.084043378822442
224,0.023285731561478066,0.031305478404564296,0.0025445540325206486,0.009143593915826151,0.0009434696934973128,0.004092132694381757,0.00649731516699745,0.005314629722824908,0.0831269051920906
225,0.016388794172181677,0.009717625782614227,0.004445462430278181,0.0031948003762133498,0.003314277087045905,0.0040854581247918055,0.0009278360661755686,0.0019371287961297118,0.04401138283543042
226,0.008042499169784351,0.0065640967769329175,0.002746233873691061,0.007864638062017867,0.0018745781743837453,0.0018930116182400388,0.0019851668764666866,0.003611029368776442,0.03458125392029311
227,0.006202448513288532,0.002507847074310037,0.0019482071825658437,0.0035419421727850542,0.0041538205661339755,0.0011541382580309237,0.000857447120744606,0.0018145599580860073,0.02218041084594498
228,0.3335747472723078,0.25339154381092743,0.02612922535138199,0.007644309783758966,0.11165565379965013,0.11759440565504373,0.05653412333666299,0.06661129054647191,0.9731352995562048
229,0.007703112734735095,0.09177052427229229,0.020874993593356022,0.02783244884113617,0.021132374382987887,0.022409345209913188,0.013256754038928762,0.024583381145648897,0.22956293421899832
230,0.019809540160267168,0.007890553291510278,0.0014996049755168863,0.005556755483562617,0.004385452434874811,0.004123524149476143,0.005437607519035864,0.002746035924423853,0.05144907393866763
231,0.2656237805876121,0.2654182271344297,0.021658689310495256,0.029358382678124153,0.10965904246390307,0.11865928745374468,0.06291019921515323,0.06271298524356836,0.9360005940870306
232,0.012738308202543415,0.003612539745777105,0.014144397943860217,0.013067235624507198,0.009818512664228823,0.01747934035678173,0.010893932334007699,0.020951502877885792,0.10270576974959196
233,0.027882479842425013,0.0017497870575086559,0.006143059160402658,0.004807911341399939,0.007721772518324066,0.005961307456859917,0.0025759903306584496,0.007850628744643037,0.06469293645222174
234,0.017738334174536477,0.029582275324464998,0.003073064337580393,0.004184167970760824,0.004536798795865059,0.005890451176363705,0.0037364267103986945,0.005534987463711693,0.07427650595368185
235,0.04505519047040669,0.014042278403697029,0.0030893442632405317,0.0023591472290528472,0.0045417590711282,0.00117754074699307,0.003160251406078764,0.0015058616840054671,0.07493137327460261
236,0.02686887987606173,0.0404586642313624,0.006754173187384536,0.0011036314164884274,0.0036554175553580354,0.0030614046466025794,0.0032308882407844587,0.01095978785212328,0.09609284700616544
237,0.014226915127255413,0.018579174692603534,0.01037697135170367,0.004408413684796243,0.001845391709755512,0.000325333744561423,0.00800035536994928,0.007936027037950585,0.06569858271857566
238,0.008397977498663105,0.011484285143009552,0.011185248276618235,0.0020834523076873356,0.0017606657506713784,0.0010253279476563743,0.006629496536767557,0.001368308642482476,0.04393476210355602
239,0.0057965203866014526,0.0044469575826535735,0.023707933289556657,0.0025904920745555234,0.0020581800935900343,0.003404102175127079,0.005035926789667776,0.003450501879402558,0.05049061427115465
240,0.005890138775099077,0.0019244755966417644,0.007618526389160519,0.001451622489717289,0.004998674373316567,0.001566585882011563,0.0010175752456013656,0.0035691961481191877,0.02803679489966733
241,0.0026836262362883285,0.0027424436135777023,0.054013254963094184,0.023410107933420965,0.005729985087932022,0.004975428658321206,0.00028142468581549343,0.0009451271356886441,0.09478139831413854
242,0.01097711562699423,0.004784098349308115,0.0265904235722196,0.020883628290012727,0.004609369260564443,0.0041743562152701166,0.005039179654502402,0.005379926340233196,0.08243809730910483
243,0.02671463855495282,0.0044723713608791,0.07960526003746227,0.008609725289560288,0.0029741711261448284,0.007757117102027312,0.007612606846012054,0.0072124998692321834,0.14495839018627088
244,0.011266366560998064,0.0016392831362943008,0.03203822384884839,0.002113643783535982,0.002897960678188708,0.0023755349286938123,0.006693126407310369,0.0036915455789463115,0.06271568492281593
245,0.015529645012754804,0.0012850346938970696,0.012177245836334012,0.019503982497795808,0.0019998239714176893,0.0009191841934069256,0.003659513064789139,0.0028893064598118794,0.05796373573020733
246,0.009577486057063716,0.0053071908475344634,0.08435976815372691,0.03927330576849432,0.0015928857156338172,0.001118759414602877,0.010145175037504109,0.0048352089460495596,0.15620977994060975
247,0.002102774502701294,0.010595503432121137,0.05244870072334314,0.009425816791330638,0.0012096563767797358,0.005389951346175501,0.010651259447433406,0.008781564541530312,0.10060522716141516
248,0.0024400003819570505,0.019460286445083363,0.03760205911869577,0.004238515855090564,0.002766336346191951,0.002118935492994332,0.006337875641087738,0.006796609241401347,0.0817606185225021
249,0.004067762269526136,0.01795593140676395,0.028377621573143618,0.002631496706298971,0.003410824184310535,0.0069745082142950235,0.0011484024604132476,0.003797428064648978,0.06836397487940045
250,0.006909346996443554,0.018329867700449223,0.03202757138419214,0.0025346378361352745,0.005434965398705357,0.0019407737594131832,0.003967259643750189,0.005610042897338396,0.0767544656164273
251,0.06323845146387604,0.06776409185633793,0.04219888579617478,0.0004022747735136347,0.0029553329237107574,0.0002183351658359325,0.004493429217316612,0.006272011872508692,0.18754281306927437
252,0.020214793504666376,0.01742251078911353,0.039129670231656526,0.002882771113557741,0.003743777598575464,0.000746937320083262,0.015747250044096984,0.011898479325411972,0.11178618992716186
253,0.1521407530474386,0.010246616517675246,0.04712080867171588,0.0011604803565820115,0.01690358298891121,0.0015045342558424758,0.0166174789293994,0.008656093349426035,0.25435034811699087
254,0.03643874026991304,0.012880604559976225,0.01849262168413501,0.0007777584629048424,0.006986243501711002,0.007900626445287249,0.01593805781631524,0.012517075697321075,0.11193172843756369
255,0.01380123509908788,0.006600847756125352,0.014354966050850073,0.0030049511036383237,0.0077254935212251585,0.015003102138355952,0.018644662900858273,0.019875178769494236,0.09901043733963526
256,0.012141384946191604,0.011290151332482075,0.007143700428695744,0.0005022682394942407,0.032647082508364234,0.02436935762605649,0.018797288816325194,0.01525782460837857,0.12214905850598816
257,0.014202667237148766,0.0236937881508194,0.0036617468407132312,0.0005132633841259524,0.023223430525083213,0.021525566426543647,0.014224668667158746,0.01048507534935468,0.11153020658094763
258,0.009620259102769594,0.02637322497516165,0.005166133042268558,0.000364669790039287,0.01783734379482602,0.014762205198381739,0.012208927731791474,0.008445451259161747,0.09477821489440008
259,0.014370006128698942,0.030471727423653238,0.009260757296328855,0.0007579350611376748,0.012980001571049032,0.01184012143809677,0.003130527084497193,0.003091077707042157,0.08590215371050386
260,0.01096958255243621,0.03009714798094984,0.007175997036108447,0.00413040940017216,0.017668783805052258,0.01823427851882889,0.003880952477157588,0.011108497871730925,0.10326564964243631
261,0.006894243790430651,0.033107204623289636,0.005060570543231608,0.0021486612719651974,0.006959614821115728,0.010094135709094093,0.002412713668836357,0.0010338183692554426,0.06771096279721871
262,0.005585893814321261,0.01621980906210778,0.00257538124179927,0.0007090906691568945,0.002619813219500582,0.0020495281863786444,0.0008135556593011972,0.000303577714157385,0.030876649566723015
263,0.006332301831620734,0.015304586725784013,0.0034423105357014967,0.00020078345473982886,0.006306605496783749,0.006492522891976699,0.0015999374495012544,0.0013143250183847816,0.040993373404492564
264,0.009122068453553954,0.0043580791439330364,0.0017954624316750061,0.001538431012427945,0.002888909477494217,0.002855105142185118,0.001724489454507628,0.0011589744897776808,0.025441519605554585
265,0.003938829708175415,0.004492165338343296,0.0015090014062014683,0.0014826861687403908,0.0030438469663947223,0.0005401063399843887,0.0017546012327868269,0.000789005036424095,0.017550242197050602
266,0.0016933694109445535,0.003319446511004848,0.0013487903234371003,0.0009776351001549775,0.0026906845043425044,0.0016491906396325139,0.002714984596224643,0.000793648435250699,0.015187749520991839
267,0.00851965074598857,0.0025316735003531217,0.0003428429375391061,0.00011684646520621562,0.0018070397515883322,0.0012772524023231106,0.0014407305687671374,0.001166121248427959,0.017202157620193552
268,0.001854270309375993,0.002139378235960221,0.0002809875295968159,3.11159224639066e-05,0.0011976565527086708,0.0005289178616065611,0.0007968838697746751,0.0005703204646214226,0.007399530746108267
269,0.004249863322049716,0.0010668982087983503,0.0006379320064017665,0.00017254944745194825,0.0032856265369838747,0.0030814450905877716,0.001495959459712671,0.0008573583756999074,0.014847632447686006
270,0.005676059645878668,0.0009908314798469534,0.001818661899828948,0.0005181431333214818,0.0008215567720426958,0.00024095606527303927,0.0017269910967841473,0.001314530237074227,0.013107730330050159
271,0.007039429787117434,0.0017458954257098679,0.0010160930279556348,0.00047407232343272794,0.0007759504010309429,0.0005442770388128349,0.0010351908610803627,0.0008831059672752112,0.013514014832415017
272,0.003634017655721102,0.0015881599539176222,0.00026578549888132296,0.0005282376859345427,0.0017047203762408133,0.001801134733812526,0.0004268446131858563,0.00010694375591435037,0.010055844273608136
273,0.011032865501559592,0.001879446510909931,0.0002654238400571789,0.0005402924959365686,0.0015853431400171013,0.002447699281734858,0.0003291656888396859,0.00023272820364924918,0.018312964662704163
274,0.010719267964429936,0.0034950352182467827,0.0004311175320238942,0.0010797500264210823,0.0012012237455684331,0.0015838412916498127,0.0003577150248580108,0.00030096561954185894,0.01916891642273981
275,0.018331355886487724,0.006428300321617702,0.0014273212194744463,0.0007562679543851122,0.0019378724368555762,0.000203038863358962,0.0016240445273426024,0.0005608035177976784,0.031269004727319805
276,0.017456472664890848,0.007845725058021356,0.00016873509619233192,6.662512303727924e-05,0.002304578763691742,0.0006763960327019667,0.0003676612876636803,0.0012038138342701933,0.030090007860469396
277,0.006047841804215644,0.005334159476268183,0.00020650958844287663,0.0005064732308609374,0.0015259235078003983,0.0013516473802544916,0.0005290760019358719,0.001487981538149103,0.016989612527927505
278,0.011102718130965797,0.001569062988482536,0.00016426903847986118,0.0003696406314266504,0.0004918869473072463,0.0002155337663746651,0.0005078647397296866,0.001042813491505726,0.01546378973427217
279,0.03211831022815643,0.002600998400583172,0.00015317842876238155,0.000787457075223833,0.004597215487431036,0.0037920267803977564,0.0007719680743419903,0.0012917313688751901,0.04611288584377179
280,0.01797864392221091,0.004406452565956326,0.00040703095012961703,0.0019516360828268665,0.008901787117924675,0.013199036333754589,0.004032509488461373,0.0012597919615344269,0.05213688842279878
281,0.023886623968270286,0.005923045013593028,0.00039059360316301916,0.0007386955679096,0.013304672813860849,0.016723843820312733,0.0014416588258633093,0.002726489178183082,0.0651356227911559
282,0.021059516775240653,0.007467016036021605,0.000193808588061589,0.001986234519600133,0.00781759742863335,0.012233159816892039,0.0016176547406939411,0.0025220898524951824,0.054897077757638496
283,0.009331649178687404,0.008642205365426944,0.00015729935657473877,0.0018310702453715395,0.011077020145495274,0.00897355897887679,0.0009129058368269789,0.002584141353238145,0.043509850460497816
284,0.007072122628689878,0.008586795013173238,0.0005557550439384861,0.0002891662380594568,0.008429448594388007,0.01941070855812147,0.0025505711266759585,0.006815424105170119,0.05370999130821661
285,0.0013124566848041561,0.003955945682387365,0.0005981096470943287,0.0018544930449223103,0.0052435827803380694,0.00901640646556346,0.0017538385917681087,0.003554301127242827,0.027289134024120625
286,0.004196642974742604,0.0012305789037236924,0.0003325382074062077,0.0015281093977810383,0.01257792003835413,0.007821868899140131,0.0015362579032177747,0.0019787149130020983,0.03120263123736768
287,0.005392871411734782,0.00164662122670516,0.0008780951170436924,0.0008406327398746965,0.010327440304263026,0.005625873072425951,0.002517423213915058,0.001513404990423507,0.028742362076385874
288,0.004203417975944962,0.0035701515366017562,0.0007483821768059388,0.0023368451568461365,0.011826117760188132,0.011623583471883477,0.002808219246402036,0.0024028718905844742,0.03951958921525691
289,0.002849524739211865,0.0009641285378298443,2.711958937086333e-05,0.002744977697157669,0.0065409068881899565,0.006664495317964853,0.0020879289114525386,0.0022707807064425733,0.024149862387620163
290,0.0008586028970286353,0.00167071753491502,8.796078586331372e-06,0.0005319215346403253,0.005189053917441499,0.003943263691112367,0.001098751279722143,0.0014676735772449017,0.014768780510691222
291,0.00045206276689761386,0.014735106756876643,0.0005533151568294471,0.0010267000325907888,0.004323146328139213,0.004454621704203697,6.697424661347934e-05,0.001827309900307886,0.027439236892458772
292,0.001171311012979848,0.0020121444861482297,0.0015429477366629126,0.00017913015538153002,0.0036968980072846457,0.0014783657424061317,0.0023468534221516976,0.0028408892487762905,0.015268539811791288
293,0.0064438568303590545,0.0021313130086696628,0.0031724586868685884,0.0007876404335230736,0.005696794588269764,0.001961396229839016,0.008279422241380181,0.0007983260638876403,0.02927120808279698
294,0.015164537782931918,0.0036754174823345745,0.00244397921894272,0.003318814638798181,0.007618017908508141,0.001065234075657877,0.007606536512592837,0.0005404434524816143,0.04143298107224786
295,0.017089622975335443,0.01797000652715786,0.009195066906723387,0.0020919441803196543,0.005606783040412606,0.0011021312932914266,0.014420103291047995,0.0012758090110851102,0.06875146722537348
296,0.03156639945123965,0.007972386090389041,0.009043185194202542,0.0003582829694104319,0.00644331905383268,0.0016236759540826584,0.002400727503370768,0.00736648182297126,0.06677445803949902
297,0.07783112018764263,0.005712015776483781,0.00914522604125336,0.003223095215094645,0.00550610909966566,0.0016707338447820928,0.010996316967919454,0.001323029208850166,0.11540764634169179
298,0.1125758270289746,0.0126015495213705,0.01834785950500416,0.0027459817605931104,0.008034691998518164,0.003946546752998281,0.008247143504282182,0.00769712641650489,0.17419672648824588
299,0.12376213014499977,0.00642598374175265,0.009697953381875617,0.00023170350237526122,0.014647894146267599,0.018416871655397644,0.009648986474685,0.008647728708457971,0.19147925175581154
300,0.012764738348376752,0.006073854590372227,0.0014590073526871798,0.0024892036288259776,0.004957419583381247,0.0023982473216189386,0.0033894513920642616,0.0006460888904222038,0.03417801110774879
301,0.06772151204434192,0.0005357663087217903,0.003611744336930711,0.001567794045608541,0.033076646460583184,0.007319889566289539,0.0021687185811789973,0.007297531524398287,0.12329960286805296
302,0.06255608540371473,0.002585682755834088,0.0064224561583213725,0.0012226801552071575,0.009282535741877132,0.0007349944236841333,0.001375020492101872,0.0042062513431390105,0.0883857064738795
303,0.04137749069094503,0.0019900429980631894,0.017573254145134366,0.001756276095782089,0.01977182612911447,0.010587755838962092,0.005735497475146624,0.0016345302620162708,0.10042667363516414
304,0.19586086388249738,0.0019101578776164795,0.019977522256849196,0.00020565998587393698,0.011876454269910719,0.011278141664804339,0.012151275281335527,0.00608043958039943,0.25934051479928705
305,0.07195645912452066,0.006850205391887113,0.020622655784157687,4.934649966218363e-05,0.011185580989340395,0.01006338783127716,0.007881783673181634,0.010858808013822961,0.1394682273078498
306,0.07281172618327317,0.02372736625451788,0.0021387072158268773,0.011837484759896438,0.008947330632529962,0.017864533015596627,0.01062278611964814,0.01720370574419245,0.16515363992548154
307,0.030821592824194097,0.04402015783189413,0.0007250408265538999,0.01669258598362914,0.0025209397233127485,0.015909713678253553,0.011892752439604038,0.02410563090678192,0.14668841421422354
308,0.17631781522705745,0.05940484238860636,0.0033964206582386587,0.023486848833209586,0.0073694166568802726,0.024889717012295167,0.004594503529517047,0.01094112619356935,0.3104006904993739
309,0.033465221815834,0.13218623993958162,0.004828122314844912,0.015093173953917417,0.012246542421231152,0.008694929708054017,0.009387953949367828,0.006339422727267577,0.22224160683009853
310,0.0209962433209049,0.022534770988332186,0.0034337558946176744,0.0006416114847835754,0.008281219179410396,0.010851980276608657,0.003198107891742001,0.0019832437573476746,0.07192093279374707
311,0.03550624792499823,0.009125963540529435,0.006586779050678066,0.008466017171929428,0.013066097600133846,0.005487867023783175,0.005390581840183743,0.004396618027093787,0.08802617217932972
312,0.04357252828842252,0.024101155291408854,0.004505800075696307,0.00521062286519451,0.006301762581586147,0.0019302527933077347,0.009250045449695767,0.004727160238843658,0.09959932758415549
313,0.02399440073960676,0.03711778988861329,0.003921562324343868,0.01606591852581602,0.003442915289387499,0.002280000422326716,0.003949101294994408,0.002914075645764868,0.09368576413085344
314,0.034390691406563687,0.06033065470849639,0.0032582801557984463,0.02896263135783262,0.005938169264314929,0.0033585056458184273,0.007669616828773316,0.0013260843311977176,0.14523463369879555
315,0.014491301234434852,0.045343652343898075,0.0006309808899337405,0.06630921062521404,0.002317960245618016,0.0018213142570888603,0.004666092480021994,0.004748734808130464,0.14032924688434004
316,0.009082659355943006,0.06570396606534419,0.0006280271278478847,0.032892396744950175,0.003424573047324747,0.01020359813945563,0.005409117800472236,0.0036007675815489725,0.13094510586288685
317,0.016252237283008442,0.077613726291377,0.00023393182180650644,0.014457669329857497,0.003441675469293523,0.010717035898956543,0.007021319880793395,0.004507604549343707,0.13424520052443661
318,0.03252451266208575,0.0171413957075994,0.005630662985901457,0.001673130459892954,0.0025772875355222075,0.018151525876057412,0.017322233524550146,0.02016245500603273,0.11518320375764206
319,0.027259345930884946,0.0823363395837494,0.012657604504577551,0.00020932270394846453,0.009619665251602325,0.0051252442683157205,0.023727932513235905,0.02076343736902922,0.18169889212534354
320,0.029132013926315224,0.16063795957727522,0.013526691880746072,0.005597293203961423,0.02004537522577937,0.004272998461829414,0.0260341132788834,0.01577777990864878,0.2750242254634389
321,0.040530797959663495,0.05425762651022128,0.05278010845538525,0.010676204132638506,0.02107888820429905,0.0030662826095361143,0.02423195716220398,0.017134547382867883,0.22375641241681554
322,0.1468318280824433,0.08850839667519067,0.04876475846280115,0.000859563230058619,0.015971066332264822,0.0015931817420767951,0.013659652413869945,0.008152791445849789,0.3243412383845551
323,0.12580697931171123,0.02206453401050025,0.04299987223026317,0.002936629247611113,0.025930252734985667,0.0023451445934081334,0.011471475949080243,0.008230957013037027,0.24178584509059683
324,0.09941137235852178,0.1048205352712026,0.04741290718650992,0.004100569336775164,0.00954702547300817,0.007383263027542332,0.006453099597305265,0.004150438034013048,0.2832792102848783
325,0.06778384796118098,0.24012674879479595,0.054814691697772006,0.0036061950509899167,0.058983482239539906,0.06608394570728778,0.027963212575315474,0.03016934659719176,0.5495314706240737
326,0.018337782585526406,0.036502253384716375,0.051777696252790946,0.003646211062448627,0.03369136744762523,0.031859718098341885,0.024057694914107763,0.019402975132143094,0.2192756988777003
327,0.015337782203765346,0.006581321899021339,0.045175400895774216,0.015319233855769911,0.01725044158981372,0.005509150286746284,0.007973959289768259,0.011788634045266519,0.12493592406592559
328,0.0607452600126928,0.007281776486403642,0.04815714778880998,0.0051009274399624145,0.017159753692890023,0.008150170786624458,0.021963192831765857,0.000914105452676978,0.1694723344918261
329,0.021310380218459508,0.007261218821648927,0.036367253166004,0.005122678343778805,0.00662616396390913,0.015753768354926447,0.009533791823356784,0.0067424444712768225,0.10871769916336041
330,0.019523060497071858,0.016275539165621373,0.026642754941746432,0.004989592519287097,0.014965498613936772,0.010384725701239196,0.0026052212784086174,0.02341665905083464,0.11880305176814601
331,0.050873270888162174,0.023202618650896813,0.011360711595876184,0.026803609442115812,0.021038757058564752,0.035028731172800934,0.005849651128150699,0.04266387088834292,0.2168212208249103
332,0.009892276609209485,0.008464366222927011,0.03504907892744127,0.035994328060819356,0.0068958404016409396,0.016400914404871663,0.008503160477601749,0.01259413166337659,0.13379409676788806
333,0.023058741946027545,0.03911317126895409,0.017569703809466056,0.037202250843129114,0.028206604075736705,0.021338028862239136,0.008030178099857175,0.00838583004179395,0.18290450894720378
334,0.011134991053719276,0.037519853412900046,0.04589783424623505,0.009548263232809995,0.02664304407176497,0.019284819431854977,0.019353218783041064,0.0021784844613756717,0.17156050869370104
335,0.010814016070221602,0.07594447859877305,0.016836840116669402,0.015973995827313563,0.03093423565182507,0.006867308667062412,0.02110095969272824,0.002089593536175703,0.18056142816076906
336,0.008407491372122784,0.03367671723838236,0.003714224064896111,0.0027590996280978746,0.020023285031419757,0.011173544108090657,0.015844844177171656,0.006487365047014909,0.10208657066719612
337,0.0032012078825808606,0.028157174675130257,0.005883845416194414,0.007712026660044014,0.004066011406470065,0.006685706352678073,0.0055123650673270744,0.00021014722974703977,0.0614284846901718
338,0.00346051725791304,0.033582688172002904,0.003935597085399516,0.0056868851232448675,0.0014641177690756391,0.0031342996411172722,0.00265853586885706,0.0008694134496028194,0.05479205436721312
339,0.005108729074032509,0.005024733683450475,0.01267308341954914,0.008859513789863573,0.0040509228896446975,0.004149069843944501,0.004618067819470127,0.0017305923384511258,0.04621471285840615
340,0.003668930746623017,0.013503877376809591,0.005679697407181468,0.012281897797623063,0.0013837124249391228,0.002697737888138958,0.001993461287104886,0.001992581063958852,0.043201895992378954
341,0.005181063534856356,0.020742025282636127,0.004800123728537584,0.0037278229806350116,0.0064353108410041765,0.007685083724910762,0.0024495423657757815,0.0036753784018822544,0.05469635086023805
342,0.22771185452314094,0.24365885010564003,0.07331928751292612,0.07374685741724611,0.12988350218046063,0.11900394705552622,0.07313214307948045,0.0772586467465086,1.017715088620929
343,0.005382685865349688,0.02379486564243923,0.006791957607385527,0.01055274616263492,0.0040755829476586975,0.0031260258761049062,0.008389880654201052,0.010593079085744143,0.07270682384151816
344,0.04720028990995202,0.009371690858432917,0.002597279440574263,0.0037612919969593453,0.0018445504117941042,0.009155500165367389,0.004739259139560455,0.0032135985356761872,0.08188346045831667
345,0.005406302502059309,0.005988420089107957,0.010188993449379138,0.010868744780469345,0.01133149135552782,0.0048205971756747346,0.010306881076963176,0.008360424814863947,0.06727185524404543
346,0.21346774886010286,0.1928159473495601,0.038903860011437766,0.054413066319617585,0.09807213381673613,0.10131586838708297,0.04952543215768468,0.06073834008109745,0.8092523969833195
347,0.012908395321278661,0.014142983522081239,0.029645281696343628,0.025959853734269445,0.012216592931499803,0.010969423960633681,0.01388885224839541,0.018109630827967307,0.13784101424246917
348,0.0033910580186006546,0.006037286374330621,0.009325766536337122,0.006273925482220518,0.003868909239059765,0.0050867750930960656,0.004112497607442492,0.0038270458618606842,0.04192326421294792
349,0.017284598058885898,0.010287238762806628,0.004306872972630138,0.009524748961395994,0.0034709256184754793,0.0038017385141557,0.0007185618415152303,0.0005642805436098993,0.04995896527347497
350,0.014988949061757564,0.036343603307803556,0.0011595931817484633,0.003409178110124788,0.0025904123554289704,0.007309130276330992,0.002714011854207129,0.0032720843454254493,0.07178696249282691
351,0.013281330735631383,0.01389008348174414,0.006050757625699919,0.001555698218437848,0.003842648804573958,0.002994919456276938,0.002801871932617208,0.0019164559826162376,0.046333766237597634
352,0.0056245662616801325,0.016940988252040212,0.009355587558486905,0.0033428476081702714,0.0028763062897664074,0.00606783076426684,0.00157078408827248,0.0033553783931107033,0.04913428921579396
353,0.0024325459028444046,0.013456631973808962,0.005900948478052163,0.0012509476055671048,0.0022051198676846903,0.005551812211953952,0.001564767019038358,0.005127192311676565,0.037489965370626196
354,0.006185690110176932,0.014928642433420639,0.0030931129775201467,0.00054264331795619,0.0010693691046703181,0.005172281103434249,0.003038205132496997,0.0018887142469495289,0.035918658426625
355,0.015885057232783564,0.01466922442931625,0.00143500784947411,0.0019418901169935816,0.005255433112798353,0.005168821032226137,0.0056168989970674715,0.005749958697084905,0.05572229146774437
356,0.009316830801931566,0.015169325422455608,0.0028611902967823266,0.004027969121553867,0.006273038976136318,0.008053448350155942,0.0038519191565455006,0.005305919468281586,0.05485964159384272
357,0.004757666206935252,0.006453509351053269,0.008875320112048345,0.002420826357664936,0.005896421326485495,0.004312638837572025,0.004818152982421121,0.0037403158750396307,0.041274851049220074
358,0.012411794086376632,0.006828357107688688,0.009026290197301697,0.003786415490208693,0.008600759752778662,0.004400542804265739,0.005754626917310426,0.0032235391773876307,0.05403232553331817
359,0.01544220945644679,0.0032710970843664055,0.000727117853150952,0.0016791891551385485,0.004768479633969708,0.0015853584147063813,0.00937106890815494,0.006661307551138535,0.04350582805707227
360,0.013321732845678913,0.005219967930142952,0.006416223742337026,0.0015934277366095114,0.0045999380830447365,0.0004219323551507377,0.00863104380566868,0.0034974489625305668,0.043701715461163124
361,0.03460903879640937,0.016456705801234425,0.011192277528641565,0.0032820478264961738,0.004598215767231014,0.0008450092659187832,0.0009418065057634606,0.0002890111218090866,0.07221411261350387
362,0.09653081442909756,0.09308837781269916,0.0015101972575447388,0.0017955306407433423,0.004536006803717737,0.004105433874114092,0.004116848791792688,0.004071765134604256,0.20975497474431357
363,0.031136921308156387,0.04081213448960506,0.007076941038900816,0.0008069159871382715,0.011947807594869861,0.015622620341482688,0.008540021963881317,0.009334229829075332,0.12527759255310975
364,0.04086084935778102,0.04273672918774245,0.0027149022971738254,0.0006392531322361114,0.004589795615015289,0.005057114890838062,0.004815707837450137,0.005920970551287029,0.10733532286952394
365,0.020837880737653802,0.03616891687720994,0.019934700527726473,0.0016651542261741405,0.004423768623958546,0.01671842415769921,0.0018566783253191911,0.008440868691285495,0.11004639216702679
366,0.014848127911502718,0.011874512425667734,0.010754290588871717,0.0030659262240048065,0.004119424251281595,0.005268797191736515,0.004867795143028652,0.004576616305437272,0.059375490041531004
367,0.013644922183147123,0.014212833415095225,0.00639392059936885,0.0019552866631122674,0.008124352022716856,0.00417595823957838,0.012600762748264318,0.01077423289417148,0.0718822687654545
368,0.01992341871491759,0.023751843797928062,0.0035390962483267513,0.002746167448233102,0.028297477479332353,0.05216302163565373,0.005542560268155156,0.021444502179483762,0.15740808777203052
369,0.015931199059497646,0.01836065443066566,0.002005613494123191,0.0005753471708703158,0.022990787771543293,0.026112514010998667,0.028033346874196945,0.025445927276612528,0.13945539008850824
370,0.011325946875367168,0.014354644879696156,0.001366928102107026,0.0013185268709710492,0.01409042551236568,0.011111458290404505,0.006592904005187176,0.006169259870676461,0.06633009440677522
371,0.013083054316114067,0.02475338762133339,0.010434852766315563,0.0002741154884413616,0.006215867825548882,0.006542135077436808,0.007738613350373849,0.004376786720744707,0.07341881316630862
372,0.026293493028083138,0.012665061729657577,0.004276788745688789,0.0016159249869956674,0.010878658435112142,0.004263400459013521,0.008556329704515071,0.006497800647351285,0.07504745773641719
373,0.023594448415207213,0.02343211129940931,0.003282012202261582,0.0006116701133847186,0.01429942661137778,0.01111316588727005,0.007033617077649921,0.006861523213279504,0.09022797481984007
374,0.009918615862313865,0.008279867458836866,0.003798457765034805,0.0007065957503488379,0.007769563329622934,0.0037757930202770946,0.003220048526433617,0.0017471906310260027,0.039216132343894025
375,0.010882958728329256,0.013296697767760131,0.0013375302753437079,0.002289680518655733,0.005497241215195861,0.0016392475138593127,0.0010988758672735202,0.0005274633889803629,0.036569695275397884
376,0.009131654965495091,0.00927866998511419,0.005237511381437673,0.0009057327836173026,0.007686495323827038,0.005090285768316729,0.003019521048810412,0.003105855918778579,0.043455727175397016
377,0.008584819265862893,0.006260543395088264,0.0036196966032978773,0.0005611350845546293,0.005908416947622583,0.0010959412803933843,0.0027728235942813405,0.0024645771364922605,0.03126795330759323
378,0.008569586069423377,0.005369489065394725,0.0031857133877670044,0.0009675880901271911,0.0038311846106965195,0.0009248721991998623,0.0019261273975482722,0.0007883218855473649,0.02556288270570432
379,0.010833688931004988,0.00597024938682712,0.0012591961704769654,0.0010754799983663955,0.003457657607779381,0.00046146803271243924,0.002234049193674308,0.001488746502393445,0.026780535823235044
380,0.010641720400175574,0.00942231644215388,0.003074708359409177,0.00017854739231577197,0.002735040322895539,0.0021573376181509662,0.0013815248104353587,0.00043162472531592795,0.030022820070852194
381,0.006015441779149646,0.0055759114606855975,0.002943254497798706,0.0001078500383387538,0.0018304570611694137,0.002035787743033949,0.002069780658332709,0.0015933026453119885,0.022171785883820763
382,0.010079635694234448,0.0060549870239217,0.004038118727712312,0.00020618070289302388,0.006244923025222156,0.0012366044343662267,0.0036372176764638076,0.003100031996497167,0.03459769928131084
383,0.008671749762984918,0.00938185581674329,0.0020566017675923615,0.0012890215217418702,0.002340756631134827,0.0010368912986845908,0.00320658189869026,0.00341467384725003,0.03139813254482215
384,0.009591680269213,0.012253099511140007,0.0010139085062179148,0.0006540477965426471,0.004500100631309237,0.00047436320127117426,0.003037331603521562,0.004797962640915278,0.036322494160130815
385,0.0074205864073373365,0.008400450891402815,0.002231396776595461,0.0015638772293520213,0.002423355384199441,0.0011015802991075807,0.0022227601523698622,0.0032120486408803955,0.028576055781244915
386,0.00985407773275971,0.009366952816556688,0.002715213903405944,0.0029702825217597026,0.0007294465521647073,0.00267392993291539,0.0030004232869886875,0.0010958647152303786,0.032406191461781204
387,0.011921862132085286,0.011581554412084477,0.0006286188679596183,0.0017031063071733658,0.00022356211692184188,0.0016559843938026696,0.0009955225440621022,0.001542869970695864,0.030253080744785225
388,0.015205864612282415,0.00515470547576319,0.002126338923063121,0.0023539658701223647,0.0013265107634350371,0.0017713128624973666,0.0011510483593788325,0.002468650885942207,0.031558397752484535
389,0.013988775177888522,0.015383685895731785,0.003767690779713993,0.0013695258902841248,0.0018024428663817574,0.003304024282685196,0.0020612209557866264,0.004397341654033781,0.04607470750250579
390,0.015019428233080497,0.01650943362464446,0.0015633213336969506,0.0013608141585433526,0.003253806328487706,0.0021753468701648897,0.00017161685396020017,0.0001966924739399425,0.040250459876518006
391,0.012135734192061156,0.01379998469313398,0.001477764176396499,0.00019849626468377576,0.0020718798065858966,0.003045523449448239,0.0008193666480933444,0.0015505311685569253,0.03509928039895981
392,0.020770616101233277,0.013507000371080737,0.0005509780791131553,0.0004342099370593635,0.0022880212335133977,0.0045871197508132915,0.0009274314886360424,0.0020809383988409378,0.04514631536029021
393,0.015977159721851535,0.006977630489503847,0.0055223789558559565,0.0001469856461940757,0.0038100719131326896,0.002130696526699851,0.002294168702365081,0.0015546509374767736,0.03841374289307981
394,0.020714646574592738,0.010111198721920359,0.002018919746897211,0.00014789123151168687,0.0015217011891387937,0.0016644547277972074,0.0012447842234645512,0.0007354335224378401,0.038159029937760394
395,0.019657136924281355,0.014874755341704751,0.0014909328225315287,0.0006911819630162733,0.002908261492370615,0.0016863133831234057,0.0026142075788542327,0.002737497509406683,0.046660287015288834
396,0.011656737061693704,0.011835494457238659,0.0027715122154766624,0.0015379915804031616,0.0015525348141035864,0.002310408222848594,0.0013680098909271943,0.0025180169167875787,0.03555070515947915
397,0.014622631826761634,0.01051064702947797,0.0017428271308915632,0.0011711397814750985,0.0013776859632691281,0.00294200160891137,0.0010867756088232905,0.0019369837487023785,0.03539069269831243
398,0.011306186447722699,0.00996926348647203,0.0005550912981882452,0.0003368723172683245,0.0009734552118819941,0.002378175297697311,0.0010521009070450632,0.002046997383028315,0.028618142349303984
399,0.006044453485406648,0.010329586481074316,0.001708003238146897,0.0003765417938826543,0.0009886034522110152,0.0014067909485913515,0.0009205787166735686,0.00076394902800452,0.022538507143990975
400,0.013606204864558573,0.014023999938792109,0.0006151852242709996,0.0015071767820656376,0.002044429188194436,0.0015341311549584083,0.0012260325461716677,0.0014086866994839186,0.03596584639849575
401,0.05683610109515717,0.007475177717798344,0.0013792020362104007,0.0032639842318112878,0.004276047050858518,0.0008592316658897006,0.0028994097232315375,0.003938391034071705,0.08092754455502867
402,0.09512418580268016,0.009289848348074668,0.00022080046493691473,0.0007040911104676924,0.006169796000355058,0.0005199182821804955,0.0009702411286238546,0.004773256623739228,0.11777213776105808
403,0.06375532035498342,0.01338832644749061,0.004701757634381105,0.0003565892844647853,0.0011838633192280358,0.0008653946832922045,0.0018046142561106027,0.005029944991169155,0.09108581097111992
404,0.06675268371356213,0.0029141991924452166,0.0014916636692197621,0.0005597701439678458,0.00046731335834293927,0.0029066222796712885,0.0012565046783204277,0.0013116707554774799,0.0776604277910071
405,0.02173808041013223,0.0034932829867083395,0.0010122818142681911,0.0009943396209219852,0.0007319985926944759,0.005178659369782096,0.0017228463252537199,0.001182145783976615,0.03605363490373765
406,0.00838495073016891,0.016023410138971104,0.00415763129166887,9.358978895979909e-05,0.0004667294163334171,0.005555929597609355,0.0017524079043072472,0.0020565359456907466,0.038491184813709445
407,0.1003749620792657,0.02263193078028079,0.0018204970154812147,1.9044127071103815e-05,0.0008386969756964857,0.0022924107820916405,0.00037675928114867346,0.0020852457381990005,0.13043954677923458
408,0.04502801337988591,0.151242162141929,0.0017416077029668829,0.0027923675411602664,0.007217789882934009,0.0031898599545739344,0.0030713458322688537,0.006761435014010447,0.2210445814497293
409,0.06336352491794142,0.06300068059784329,0.0006418208720307466,0.0014629055556868989,0.004936632755194218,0.007852624024038631,0.004375855819384996,0.003924145307737275,0.14955818984985744
410,0.036621999718237756,0.04906480463476322,0.00045595100826184635,0.0006018795720295591,0.0007517635367434122,0.004514993525984571,0.0036077088123330275,0.002703414186608062,0.09832251499496145
411,0.03504845018959802,0.057269750007242194,0.002230934015405004,0.0031327109504036364,0.0019483807451015488,0.005150499277349093,0.0023042546024992943,0.0007077101668815422,0.10779268995448033
412,0.023012542493734744,0.10607496476614464,0.00879384046841102,0.0012812319187117112,0.002729622076419831,0.009545894648798329,0.0042212641077054485,0.0008809753314845527,0.15654033581141027
413,0.02956056849218532,0.06306044181323121,0.0002598193813467965,0.0014712289702983445,0.004848080571099709,0.006638601231642413,0.0012657617271920841,0.0006973116390044578,0.10780181382600033
414,0.025341817912950263,0.04784189047263762,0.002008244743264151,0.0008246182295904264,0.0035141661422971662,0.005095749428252194,0.0013464459989967602,0.0005345343745892591,0.08650746730257786
415,0.01274964670538167,0.004427016494430507,0.0020248016125625538,0.0013229172826791345,0.005885617424030024,0.002488830024755404,0.0024940806382887097,0.0016570139370735188,0.03304992411920152
416,0.013523964121982236,0.0011872939028415496,0.002829728006624959,0.0007978091945292496,0.0029239479053314254,0.004542463371057815,0.0022603056274294437,0.0006141157522391344,0.02867962788203581
417,0.008505402739905351,0.01689903419627017,0.0012329306684590727,0.00010876776368153215,0.00310349515300468,0.002861301424709465,0.0031433738767372276,0.0020653801246769306,0.03791968594744444
418,0.0044036757707147005,0.0026551975424607575,0.0010312473547760255,0.0003022901374774665,0.0038510509180076334,0.0016552980639925599,0.003147650598302118,0.0038713820811934205,0.02091779246692468
419,0.002823362983537277,0.011385160312048928,0.0016984911316512662,0.0015599593729112482,0.0036248147269615128,0.0008010718881474371,0.0022592810222810157,0.0024957296101030275,0.026647871047641714
420,0.002978595561390737,0.03489985947887942,0.005275430599665646,0.000690689102690891,0.0021010525386931686,0.0008234242748050831,0.002279225528859427,0.0027966272710632425,0.05184490435604762
421,0.009410700383834646,0.005343999054816168,0.0023949121052247854,0.0003030475994773081,0.003843926950804296,0.001949352499756263,0.001517015775559821,0.0030553938266426836,0.027818348196115974
422,0.009670752509371832,0.008949270162675422,0.001106150802396071,0.0009883459951850586,0.005851707039237422,0.0011216499071708113,0.0012984317038149658,0.002510371311245702,0.03149667943109728
423,0.006278875410975953,0.011192707314283904,0.0012702824038328985,0.0017807701303733817,0.0036464382366036916,0.007966713918463441,0.0008668687614113054,0.002736837286970793,0.03573949346291537
424,0.0337343381926441,0.07642369593010087,0.003117443364685844,0.00014876651873119682,0.005552300972180234,0.008807935617398557,0.0007278759542002942,0.0009426855219193716,0.12945504207186045
425,0.030921899452862008,0.04052328628063692,0.00036360484617287624,0.00016947691679704467,0.0070272678750981,0.007150294214317414,0.0015550118180848067,0.001128770347058013,0.08883961175102716
426,0.03276300544394997,0.008932280645630444,0.0035392560075865045,9.946988417339136e-05,0.007551834382511736,0.005962390036688228,0.00408990926628517,0.003728058490318917,0.06666620415714437
427,0.04037756649751933,0.009991044832555454,0.00510770949175873,0.0014341103364905608,0.008406240389573874,0.004395045096995577,0.0021470367745572024,0.0007134088921913771,0.0725721623116421
428,0.06324593357882408,0.0036613512819336494,0.004618054368880216,5.368615203917231e-05,0.010089293072454575,0.003242084067317433,0.0015842725428484674,0.0053391386499830095,0.0918338137142806
429,0.09608538396533073,0.011694495758010383,0.005166698388186826,0.0005418109093621652,0.012217135888983504,0.004063439375654083,0.0036923671343304194,0.004849791593090187,0.1383111230129483
430,0.049963593812192196,0.014763820272466782,0.002721921139353924,0.0005916489747223355,0.006700019302464444,0.006422004473142974,0.0029379402629729585,0.0012516873364940904,0.0853526355738097
431,0.028295857719293403,0.029047026700905455,0.0008550993479438926,0.00034166391552271414,0.004766545116531167,0.008071327104854299,0.0011034070472934487,0.0012879672490190527,0.07376889420136343
432,0.020496202733168867,0.026033208450393718,0.002726092709109722,0.0003360509290979314,0.005689914032270413,0.0052046304087837204,0.0019897865594829395,0.0005534701294929062,0.06302935595180022
433,0.018613719075855725,0.0130896565456977,0.0021442765888030598,0.0006787763390981432,0.0069792977272096395,0.005491796074865365,0.0007885921655931266,0.0005162876607109052,0.04830240217783367
434,0.05209799292894394,0.03126925159318223,0.002774226231727197,0.0009618505835890962,0.005420143182353719,0.007999678511925236,0.0013859077515124218,0.0013436165079165822,0.10325266729115042
435,0.0231457234917349,0.030707677899834952,0.00045118036168508404,0.00140231056182162,0.0007572830450289801,0.00769610263165372,0.001526954935511228,0.003803540041188481,0.06949077296845897
436,0.023178634185095682,0.00940184643037736,0.004308262461025426,0.003985207730698691,0.002444627430242715,0.004296549089577722,0.0025212306618473865,0.004697725884838355,0.054834083873703345
437,0.050045379771310836,0.007320471872747278,0.0016040661716032012,0.0005971484874220281,0.0019011738719553802,0.0022655351861084988,0.0019515550632133443,0.003643937087787172,0.06932926751214773
438,0.019259047847549903,0.0022822924314284503,0.005078062476667676,0.0009928703867024236,0.0019452730687340865,0.002985539950931657,0.005280566948102978,0.006218525399629715,0.044042178509746885
439,0.01529034736852176,0.002231582259887578,0.002274972619470618,0.0005445339553678077,0.0017310636052423024,0.001778275708292984,0.004649474408603517,0.0054923611769252595,0.033992611102311825
440,0.019383299471264624,0.014894424095782725,0.012648552978026004,0.0023760994222248753,0.0019272568505394286,0.002384312664508199,0.007395686673257333,0.0071092995279624285,0.0681189316835656
441,0.012795793163916516,0.016555469762434882,0.004792740215595674,0.000928589820787012,0.0014471511291247823,0.0018437154233925236,0.003327741143325846,0.0035090885961538533,0.045200289254731095
442,0.0061187382482730335,0.010186175093684696,0.0019029914907045388,0.003592138803923503,0.0018798363245657935,0.0020629403330448375,0.0029933293529503303,0.005433835877904693,0.034169985525051426
443,0.013774771485922077,0.017874326360141312,0.003912443436546766,0.0015059526824903293,0.0037063510112202284,0.0023662379106329247,0.006077784937909004,0.004523339228299647,0.05374120705316228
444,0.025934933975612487,0.022335352444415688,0.0019162431877478116,0.001506550496547952,0.004845449023437153,0.0037841969254952218,0.005862426475700777,0.003131897038836144,0.06931704956779322
445,0.045344866520599804,0.05747005634521282,0.0007818890773706293,0.0040827581920747725,0.009991687460096743,0.0027770859671608548,0.006478061171436902,0.005089272078539753,0.1320156768124923
446,0.04260845685128388,0.0339720351926271,0.0004286196198275324,0.0016534196670301966,0.0038706422655424245,0.0019454519624729362,0.0014227570027029405,0.001213133453719529,0.08711451601520655
447,0.0450560422929238,0.03553808040715344,0.0014070026864117125,0.0028375650519729466,0.015524351406412598,0.007665758756600901,0.00895541810570924,0.007802631083359188,0.12478684979054382
448,0.03046963652921076,0.025104785076069797,0.0061508441937344355,0.004110987518005227,0.008787527876667419,0.016891398942714665,0.010645247309082518,0.011719732773620472,0.1138801602191053
449,0.024483731127470418,0.023874990334806244,0.00821308810658218,0.007040987917208415,0.009290116962794472,0.010484358579423998,0.007196047855915727,0.007621522609562986,0.09820484349376443
450,0.006282666686649173,0.012892787468009237,0.0033917303237317956,0.004997234433881767,0.010290956021304172,0.012126968810337604,0.008241651477574295,0.009262377717830589,0.06748637293931864
451,0.01580389684039204,0.00997211569579233,0.011400812822358069,0.005728992637808485,0.011925027632185595,0.018098600744086143,0.00791876441802417,0.008840591599659452,0.08968880239030627
452,0.009982068851057842,0.013052380190803585,0.009497429589618231,0.0006426594912293351,0.005580747605188003,0.012428577049695508,0.005139777764417182,0.008933815058346279,0.06525745560035597
453,0.020939116127939136,0.004561658549026069,0.02281382601591402,0.004239961557907953,0.004179363493473112,0.0019889093168009523,0.005535434581757424,0.004915855793007183,0.06917412543582585
454,0.02339761564002212,0.006880775781308706,0.018908968478506722,0.0034984107485355647,0.0023304769692700325,0.004019417142740225,0.006538251186272439,0.004864544844079786,0.07043846079073561
455,0.005113275038711115,0.0023935957856135305,0.013764293715935358,0.008778903913411783,0.006189284541368906,0.005514445026113459,0.007682413619977873,0.004136423940363086,0.05357263558149511
456,0.005192895680583682,0.004145240413394951,0.01028430088521049,0.002376058823804886,0.002453941082843103,0.005562468665659316,0.0007496520603065256,0.0005409751184189596,0.031305532730221915
457,0.004434469254583987,0.004380458626069595,0.038869736676843264,0.0006093600540335629,0.0017135440730500391,0.0049925219522422735,0.00627173131652202,0.005214476130826815,0.06648629808417156
458,0.007401331365624447,0.004752130740516431,0.017946823818337905,0.0010737066092545914,0.0034060475733180624,0.007595747824568289,0.005854543972935511,0.006449736058169926,0.054480067962725164
459,0.0017268022619433584,0.001224095351442638,0.05277854612094892,0.0063655747586516005,0.003170409086253557,0.0038247936338342363,0.0053736003744303444,0.0049662223180981045,0.07943004390560277
460,0.0010573021706410093,0.0014303528879718768,0.04308024015809015,0.008786047021914503,0.00627286851569977,0.003827029339165863,0.002328851421088894,0.0019884329064646902,0.06877112442103675
461,0.002682135616066446,0.00033389827876356465,0.047524079910464916,0.0019714981010610618,0.0069623824955905534,0.0030763496110232523,0.00900636899494304,0.006795100893885905,0.07835181390179875
462,0.009419339396986876,0.005176451350875852,0.019000896558261447,0.006206451648732759,0.005076403070183142,0.005284342839414641,0.0029633905690431145,0.002129583357004348,0.05525685879050218
463,0.014161197255373549,0.015025499144399695,0.006872655968180526,0.004378304525657552,0.005801598367292147,0.016657317578023505,0.004668689595662987,0.008743144067430389,0.07630840650202034
464,0.020538199806199052,0.010629078787443335,0.0028696238669674375,0.012435004904992135,0.0057720300144151635,0.010515965244747582,0.0038564308865037793,0.006451999923487777,0.07306833343475626
465,0.01848115431651758,0.012299647890770758,0.0060586688836405875,0.024952531661355044,0.00575481199933417,0.0025657076061474152,0.00890380519329068,0.0065126722768661495,0.08552899982792238
466,0.014111873856026934,0.008081492963088016,0.005900692252527373,0.04117906290411703,0.0028999048903738975,0.005263939599468322,0.00395162616093968,0.0011257515941009504,0.0825143442206422
467,0.006532946411533569,0.005201747509633892,0.007122252689237127,0.05368182662232176,0.0005899128665959234,0.005946486381411725,0.008164792955699504,0.006830275336502219,0.09407024077293571
468,0.01736609379360268,0.00480637742111969,0.009414909103022187,0.029704613492994775,0.00043676844387957706,0.0027015091432408657,0.004329822161757035,0.0030408196496865465,0.07180091320930335
469,0.032087941201152666,0.01201712112308991,0.004840149764591374,0.012745724407472205,0.0034200754202680255,0.008812454802751573,0.0064478401864825185,0.010077848489883535,0.0904491553956918
470,0.028097788843621116,0.010146052110769223,0.0026566684732499393,0.0018832197802504615,0.006174163766664447,0.016458539700947412,0.010508120847045709,0.014495499618537862,0.09042005314108617
471,0.020161184632583956,0.01011995545712481,0.003093469099823743,0.003515470891076996,0.01014817737488879,0.010700179542415995,0.009897690246790814,0.00948372173543263,0.07711984898013773
472,0.028519107472875924,0.011270706382892258,0.00236836768421652,0.006289356321228033,0.010849098457876395,0.006240024165546141,0.007161219291453979,0.007334649016280141,0.0800325287923694
473,0.014373561307408307,0.03223055633787477,0.0014007818223485864,0.0039801555839093705,0.0061315100629238655,0.003263377147778518,0.0024456131769619725,0.0017293567357336364,0.06555491217493904
474,0.0165432343485182,0.034679721632517854,0.00039103054708107765,0.00237337318309361,0.0013262802353547376,0.0028808778621377176,0.0005670722752977884,0.00023382485076282815,0.05899541493476381
475,0.008057670403741035,0.04370840816588671,0.0003452794796861045,0.00505703191963334,0.00848272228231265,0.00662733182022344,0.0010719074504047953,0.0009347661275933262,0.07428511764948141
476,0.011243391963354391,0.01671691967745198,0.001301275570932773,0.002729242513011343,0.005064036893518273,0.006220270549334803,0.002647539539342944,0.0027706642285663923,0.0486933409355129
477,0.011892078303801491,0.01751485401297778,0.0003129743354531043,0.002858924307115513,0.0096553638480845,0.007876652150893193,0.0005533389099870937,0.0013063824668317116,0.051970568335144386
478,0.017388345929381373,0.01795203200896848,0.00015050687403426596,0.0013925679864887736,0.0026788704313440268,0.00920802692180604,0.002573957086341277,0.0006579566328774099,0.05200226387124165
479,0.026788394515300105,0.014118782354464716,0.000601237807242063,0.002834057173135257,0.0028651534832193496,0.0077744667016189165,0.0011414102286355192,0.0019228378485003335,0.05804634011211626
480,0.03494128578135843,0.03219987145791881,0.0005782391836140949,0.007553000682116068,0.00506634227641306,0.004404486233943183,0.0007823558567426174,0.001915082063870456,0.08744066353597671
481,0.029035736749932636,0.020579534462716945,0.0013546984077530628,0.003366740071951263,0.007241731887685598,0.0012944190921472631,0.0018826134666829625,0.0017817886199947384,0.06653726275886447
482,0.0183667247511753,0.023799285410550514,0.0010085428573189874,0.0030601295860124642,0.008772716462139531,0.0010836574580796714,0.0013083369421480432,0.0014409770118174441,0.05884037047924196
483,0.02740349717459884,0.024514248862337995,0.00020424709805500526,0.002892163518719429,0.005478417712958456,0.001931511134563044,0.00012636690759421684,0.0008743445162416227,0.06342479692506861
484,0.02048746124373244,0.035349019906860346,7.276147749919894e-05,0.0013916422844943513,0.0029231978536322823,0.0017753045332593125,0.00026221150245166983,0.0009891348130713661,0.06325073361500096
485,0.030122472585369785,0.021644696304561048,8.451005416054987e-05,0.0002968155367160813,0.0014779452732247022,0.003137334708990645,0.0009202776735549653,0.0018245706120131938,0.059508622748590964
486,0.02645539247335044,0.03746578985896771,3.0483682442487435e-05,0.00017413300855137118,0.0015496668897947827,0.004792548878268105,0.0005393946032108716,0.0015889626855361523,0.07259637208012193
487,0.05425451969232364,0.026247613249739742,0.0005454470675712329,0.00028438089994821294,0.008103297623171026,0.004787121597227831,0.0008364111991634013,0.0018807935638499055,0.09693958489299498
488,0.030314578252685985,0.012871302555198891,0.0014219490546135821,0.00019626805831224578,0.007211278531249673,0.003635577978660468,0.0018780605249682537,0.0010509476874405975,0.0585799626431297
489,0.03317086800054324,0.009531664464038114,0.0009673806101282679,0.0004615729630122953,0.008395918511272284,0.00572755129438722,0.005082254888785931,0.0026973706596802897,0.06603458139184765
490,0.008910583087377676,0.01604169556712189,0.0004829979189664398,0.0011256917653077593,0.009343534149604395,0.006200064575174871,0.006833871644301174,0.006056441236578927,0.05499487994443313
491,0.015423955499332708,0.009067670244866554,0.0031189285086987125,0.0009278126499155566,0.012979947911556431,0.003984480425756123,0.006056177334057672,0.006708228902978503,0.05826720147716226
492,0.034121700893043214,0.03862247218373837,0.0010251720020609614,0.0006286410529944129,0.0055545729204695,0.013695433891711526,0.007729261171242201,0.010789179838078287,0.11216643395333847
493,0.02733952700745309,0.03540856987149135,0.00245090756931106,0.0005621549632594689,0.013727232158073007,0.00913931438777581,0.01002184584912969,0.006801990463927127,0.1054515422704206
494,0.027600464826829197,0.041774987063859,0.0033838522836219043,0.0016673995486968115,0.0013979317148409536,0.007586548063886356,0.005588503966656812,0.012202218077061396,0.10120190554545244
495,0.018429088064878894,0.01981144320179252,0.008643137680323057,0.0007970710946057953,0.004517538991234242,0.010582670954637167,0.009435119564404397,0.011671905805328947,0.08388797535720502
496,0.0141408418013419,0.019563072876990873,0.012713483002238395,0.0021727098063944192,0.00258869160473451,0.0049509411418737475,0.004815747881879652,0.003951503257962139,0.06489699137341563
497,0.0035360164879507947,0.01673174297058595,0.01913377676394681,0.005344918922314205,0.005576147649267537,0.006966838632014293,0.003165544459253356,0.0031978210748318968,0.06365280696016484
498,0.014990348601516757,0.006664642517372623,0.02140144536657309,0.004605623398203129,0.005909211570774166,0.007501358183207267,0.0038778556522175655,0.0043752190203910106,0.0693257043102556
499,0.018978448125518823,0.007020075557692796,0.02556197382597985,0.00218627095355594,0.007200791504141608,0.007526844389862699,0.006152648956540163,0.006799852259619404,0.08142690557291128
500,0.01286912971335636,0.006778765631627221,0.03154745777806452,0.0020724606269144573,0.006204894538419101,0.0057013959205535055,0.0060650168461673926,0.005971982541947027,0.07721110359704958
501,0.01250196761280756,0.010065411951828944,0.023574302318229448,0.0026064581713883643,0.004227159849698151,0.0045386826345152845,0.004632554655415455,0.005078398175043325,0.06722493536892654
502,0.011052687507198863,0.017587574305104176,0.02132282927934467,0.002641593666905194,0.007576879628253361,0.0053823391661841375,0.005520549274543375,0.006920970034748496,0.07800542286228226
503,0.017797131126180758,0.019512541780110377,0.00643254591467022,0.006945370072075831,0.009562463000136847,0.013023406439060775,0.0046956488556657875,0.0057885225322474015,0.083757629720148
504,0.020041012275635667,0.014867798357326276,0.005791882594839492,0.003906671825536818,0.005491418514223848,0.007585148321714204,0.005186304941856835,0.004638133964911011,0.06750837079604416
505,0.015285787972424924,0.01742031007088601,0.0038239495253789614,0.011780729570451029,0.005684980527476907,0.0036905189316301787,0.004398197570456698,0.005918756287904764,0.06800323045660947
506,0.016525903457037142,0.021623841461023783,0.003209266260554635,0.03248660133711975,0.0027837542343676063,0.005388719660056572,0.002301505966623711,0.006092069520464251,0.09041166189724746
507,0.017557608402210982,0.016542557179049126,0.0016716524308217986,0.018518334796629444,0.00220938284383079,0.0022594342471349144,0.0022571042826936825,0.0062133976919179325,0.06722947187428868
508,0.01902648782118038,0.01556378410791347,0.0034766099476256714,0.02663169709240971,0.0012637569834032883,0.0027633633092487807,0.0038765129098545337,0.0046355859942711014,0.07723779816590695
509,0.013240503137284977,0.011865799603532448,0.0034035743194903816,0.0158493013350014,0.0005062605689115195,0.0008340474264186273,0.002987754807829739,0.0025884996602910967,0.05127574085876018
510,0.010181004265720857,0.00899070505837212,0.0049034416051707014,0.0019595809828418576,0.0004315822676034544,0.0009440694266626703,0.0014430020142114774,0.0009629100501140223,0.029816295670697157
511,0.007734470570022667,0.012202400577414035,0.0006784268274391012,0.013588666689219165,0.000271232506226464,0.0007496995670043175,0.0014296447716197565,0.0014438657203841585,0.03809840722932967
512,0.010042549333611603,0.014507380503212854,0.0007935004171587804,0.024793037749436152,0.00015035311518806234,0.0027917433931740265,0.0018266876694142855,0.00140272788913371,0.05630798007032947
513,0.005611833404277331,0.0053389563961957825,0.0006923693522130777,0.0165399674402603,0.0005659448089805802,0.0015126788586450996,0.0012371986622529054,0.0010481425673958373,0.03254709149022092
514,0.006267703159035259,0.0018296114709645914,0.00038537133131934324,0.004969577355201568,0.0002402199479452163,0.001726278964827044,0.0011756265078993698,0.0006981075699596838,0.017292496307152076
515,0.009610517706146932,0.00028008577903327144,0.0008857541012129708,0.002313168690588689,0.00036517773951833465,0.004363576578428988,0.0010504188037121537,0.0011032570140587935,0.019971956412700134
516,0.007673058306297581,0.0020161778748208135,0.0033592870723271537,0.004349983421941637,0.0017435981520081045,0.003649715802512757,0.004251856542836655,0.004163995378317749,0.03120767255106245
517,0.005081916795626989,0.0028994598129346108,0.003593749271250293,0.0008427008647504312,0.0016620688718724738,0.00353355681579681,0.0015152023640397697,0.0026978112721936518,0.02182646606846503
518,0.004008565884259473,0.00340540685760453,0.0026638726038174902,0.0019426405181487618,0.0011361266372621668,0.0032777254083847396,0.003251139559132428,0.0059390821958590105,0.0256245596644686
519,0.00035098037548712564,0.0027002394857222937,0.0032527653639993536,0.00600272314093936,0.0011465371515089267,0.0014975371396411632,0.0017424319608862775,0.004233675787948551,0.020926890406133047
520,0.001140383678790205,0.0028385602982261325,0.003686107243127691,0.001313606716522213,0.0011945644090237417,0.0011400872707333792,0.005626502517322248,0.0068580057081299994,0.02379781784187561
521,0.000817588013136614,0.0010576019110658445,0.009683084459106133,0.0036711909683345098,0.0014940138503858485,0.000350473006406734,0.0068909982345830905,0.0063393724869684935,0.030304322929987266
522,0.002876984667532296,0.002539618877477524,0.005365157589332175,0.002525106517859375,0.0017424818713760797,0.002574387739144481,0.004546722116183012,0.004646347790313761,0.0268168071692187
523,0.0024244849908780465,0.0034149120996246154,0.004273575559449935,0.00364577584985699,0.002665516785435995,0.004840890605241413,0.0033025303753130217,0.0039757793197691925,0.028543465585569208
524,0.00188774336449379,0.0046251968704173795,0.004913233249269257,0.002071460088284687,0.0012185414885749167,0.001493919853876299,0.0009364576241707416,0.0014554059461211308,0.0186019584852082
525,0.005232499213979951,0.010552236512687944,0.011689521589525817,0.0010610047426483685,0.001991369727904591,0.0026796860816463122,0.0081960108596641,0.0061563598832372985,0.04755868861129438
526,0.006647582426500084,0.011360037030839145,0.0032670200375367144,0.0006210674457116758,0.0025547613460253555,0.0018913663769065507,0.001162486457212831,0.001075375273391432,0.02857969639412379
527,0.007666537012736003,0.004764067768787248,0.00497297738906118,0.0005839937229264053,0.001657850971236007,0.0011130250104803639,0.0049745132046186925,0.005184866388319508,0.030917831468165406
528,0.005053255168242778,0.019132087463511478,0.00247153009595891,0.001661170163037555,0.0014437594693227074,0.0036257551421083065,0.0020702031548739236,0.00446481428337179,0.039922574940427454
529,0.005377711231767044,0.047344273801917254,0.0012430164439940208,0.00032242138017403866,0.0013585013228356911,0.007386178971532146,0.004542297527895644,0.004763034386280866,0.07233743506639671
530,0.0013248209338285605,0.07127905966818103,0.0017391332165068282,0.002634704627432479,0.0005629493987125963,0.005024815943947315,0.005852334533847865,0.00423548491380695,0.09265330323626363
531,0.00546207575315893,0.038332941129097846,0.021825474015455513,0.0024152242336436085,0.0010692337824441559,0.0013853054574309402,0.005343010608121561,0.007811336964610349,0.0836446019439629
532,0.005619433599227932,0.03595191988886596,0.0022129406865310734,0.0005882919596812434,0.0005980180675585346,0.009288363807117408,0.003295987197598119,0.006782987732964763,0.06433794293954503
533,0.017623906019969646,0.02774579067316809,0.09820121598965405,0.0007565423971730939,0.00293881802669987,0.01596532741357717,0.013673649496231677,0.010190225398890331,0.18709547541536395
534,0.02899271513626402,0.007392932163398143,0.068705350924056,0.002586448181394827,0.002579181717470514,0.019771878957729326,0.0037458813979500604,0.008917461546107607,0.14269185002437051
535,0.031841288093104145,0.0192357449123223,0.029786105989818946,0.0008995756760848903,0.00416719349014004,0.01193689065180692,0.004287481662634832,0.005705666878979866,0.10785994735489193
536,0.027335204493354814,0.025915656258667468,0.037737255843596836,0.00046290636431628836,0.010194657834263408,0.015748770694027917,0.00553285627590646,0.0052475937333690235,0.1281749014975022
537,0.025173928854392135,0.03410406204716945,0.013865553765428576,0.00014009248537002686,0.01226984567340043,0.008652152471332835,0.007658786237829347,0.0070671912781030575,0.10893161281302587
538,0.021767607042145757,0.038134014427903505,0.01062830910536785,0.0002518447752914883,0.025085332406890908,0.0017733940138183648,0.00943656839674531,0.005348757585352366,0.11242582775351556
539,0.029181523563355207,0.028128541719757334,0.012664556052914402,0.0014457266385988403,0.024263650876514973,0.017824491745806553,0.011093557674530866,0.010593140231328114,0.1351951885028063
540,0.03849712507784406,0.011687841924319313,0.01527698859212082,0.00017155430614038754,0.015390390879141857,0.015153828571938822,0.005707546995904353,0.004997099439182119,0.10688237578659174
541,0.02219687404664708,0.017369949227136246,0.01002303955800191,0.0012176700337015066,0.013619324555944274,0.007644326662861585,0.007615971923262182,0.0033645228720085405,0.08305167887956334
542,0.01328647399816602,0.010650663040042151,0.002362179680483369,0.0025052596732579252,0.011177745387550274,0.013015660540276716,0.006922910008693961,0.00584316034686501,0.06576405267533543
543,0.011874935405100196,0.020033041452966395,0.0019676668659038706,0.001263981381295234,0.011938095057210872,0.009579042846745827,0.007428903192551854,0.007382268273911406,0.07146793447568565
544,0.011177855768730937,0.020582293343550998,0.0006489105227463326,0.001062473002080457,0.008750395743173161,0.009496785477052844,0.01035506892693599,0.008022919774343633,0.07009670255861435
545,0.009129189541947691,0.013564894983685663,0.0005772319649057377,0.0005930989410067089,0.01191507974189723,0.008466603724546608,0.010047991339363163,0.01009273856648015,0.06438682880383295
546,0.014953153328554562,0.020989060322446577,0.000548307131586673,0.0002032154521226652,0.007023776945423968,0.00201855264941244,0.013005614622160298,0.008242037410989797,0.06698371786269698
547,0.014594145951581022,0.014465254917836196,0.0012196167849784674,0.0009373900768584738,0.005387610253510566,0.005342401385604274,0.009333352069900264,0.009365455097193283,0.06064522653746254
548,0.0036499612771729835,0.02419452583168916,0.0009765982552201464,0.002022545346694808,0.0044353841731805945,0.0018496981792733716,0.006356885420984006,0.00848186959313533,0.05196746807735039
549,0.004366935217253565,0.022417143925420137,0.002098354501080306,0.0010367035882918234,0.005432055375823966,0.002414667485000481,0.0077910719760189056,0.00825500244906484,0.053811934517954026
550,0.0015541474562175259,0.015827701071737903,0.0004704770711741775,0.0002308424177554177,0.0008881107017685676,0.0014291855831572518,0.007579313452950832,0.004574709996025439,0.03255448775078711
551,0.0037399044773341384,0.015045278462133736,0.0009433428864906214,0.00022477085608339713,0.003831571669557455,0.0017539457205717067,0.006544099028088385,0.003811221917314603,0.03589413501757404
552,0.00272825912036923,0.03052104048283654,0.0007272243020018768,0.0011209750658231754,0.0026012732955447712,0.002618609469638734,0.008651920696754497,0.004419527112527546,0.05338882954549637
553,0.004763835180846807,0.03160697876654244,0.0005004673784424649,0.003231501650135481,0.004522308305772402,0.0011076323568949874,0.004733699336928393,0.007236967095592669,0.05770339007115565
554,0.024981595806931548,0.033180086039296716,0.0009826517999098415,0.013772729093162102,0.011167859053966682,0.0018048802685960393,0.0028500814162316737,0.0024916327833252074,0.09123151626141981
555,0.08530678900539307,0.03576419656980207,0.0005767725429438694,0.006173215946651048,0.002834948235522103,0.0077671019557832765,0.0011591831032645823,0.003771077789924046,0.14335328514928408
556,0.030455336354395953,0.02396954250405616,0.002017129775973792,0.004781067171572887,0.014655652607330235,0.016518127786803914,0.005894634674629347,0.0021272535354745713,0.10041874441023686
557,0.009004460510808441,0.015627671527465338,0.003059951722810098,0.0021750468980085993,0.016055422573218393,0.01432751518073613,0.00237898632846015,0.000548892545924134,0.06317794728743129
558,0.0070381614423577375,0.015092032168500196,0.0016125452285363185,0.0012779324704388798,0.017197536145603372,0.014811456664476511,0.002187130988478342,0.0011580509553624956,0.06037484606375385
559,0.007005675570813733,0.029317056909444653,0.00449059255789887,0.004849344403678179,0.009713279403241033,0.010104252985107715,0.0016630417552196191,0.001282232991087709,0.06842547657649149
560,0.010400165420373671,0.022226556823347687,0.000890713976617295,0.010880981536083746,0.009629317727255837,0.003671615853684186,0.0009941595946561398,0.001465903078660868,0.06015941401067943
561,0.0059495864216909345,0.01034142205199458,0.0005551017560705548,0.0003264197707055356,0.009390428653870367,0.011297655994073048,0.005538082662001448,0.0009819443734172314,0.0443806416838237
562,0.006441814479328128,0.00890811925533429,0.0014909226070909077,0.0006130926525416536,0.005612332848155706,0.010270105546861348,0.010860360397641933,0.007644535437852881,0.05184128322480685
563,0.004966394349240102,0.008180302025542834,0.0011101249639819666,0.0020136456920291147,0.006670717994516058,0.009082241856568597,0.01016967123440315,0.010988300510180442,0.05318139862646226
564,0.012507900907103292,0.007489728261100964,0.002024318640351647,0.0031013081117052346,0.008039984579586249,0.00643981254056663,0.011596791810996578,0.009351222778627925,0.06055106763003852
565,0.013523379025296274,0.005113303469929555,0.00028331697806685075,0.0021245560654949164,0.006893501597110137,0.011395338545536867,0.00947325919859941,0.010138805966619873,0.058945460846653884
566,0.025254060276203097,0.008095955032311208,0.0008990330276711788,0.0026658369822471174,0.013772480107251867,0.009794414908579482,0.014697401530601242,0.012133150007472695,0.08731233187233789
567,0.04257289426504686,0.005238140966526761,0.0034841549959701013,0.0010396958999383482,0.017014216053652165,0.009928525183170797,0.017796783121771204,0.012235386678016307,0.10930979716409255
568,0.035646326891425294,0.005045122265700517,0.003594694693364915,0.00013220035094458507,0.0036507088127855744,0.007551519049914504,0.01349504414749126,0.017484297319691266,0.08659991353131792
569,0.027181894259293786,0.03063552788644826,0.017890010378061805,0.0008458572743152204,0.015563451925939543,0.007338356770381713,0.018333098580732513,0.014918872604842936,0.13270706968001575
570,0.0491750045430289,0.027363871505376978,0.038849710824291,0.0016003951368933661,0.0077592713425406815,0.006677975918778033,0.015492969317706202,0.008383292517486969,0.1553024911061021
571,0.026731891781504216,0.05251553317664432,0.0326873027370392,0.003594881428507003,0.020241909994675695,0.0021311670823053737,0.029766292258117357,0.014712516993635488,0.18238149545242868
572,0.02642784654799904,0.044125865143758075,0.041737034828880866,0.005473571160474006,0.0028399501820373873,0.005966095810797712,0.008652252558444441,0.00201612721878074,0.13723874345117226
573,0.019078623971120666,0.0164899783817113,0.007270487133638477,0.0006200094517291395,0.0006631182363134566,0.00649710864675514,0.0053474521677059255,0.006190233667183865,0.062157011656157966
574,0.009251870890703284,0.014728218495261925,0.01282638334666684,0.0020294253218860387,0.0012022578673554186,0.008918474374814765,0.006101623055527313,0.0035507246122133966,0.05860897796442898
575,0.008312245646442057,0.01610121704119943,0.0015520326593241637,0.003910873917058648,0.008624468583675982,0.015660097552015823,0.008574900749367238,0.008689172063487715,0.07142500821257106
576,0.012740200158189061,0.019112300586799098,0.009101678267350423,0.011682702915638827,0.015828859741460935,0.004965979854885772,0.011891114013379554,0.009759591263514998,0.09508242680121866
577,0.022525710462197927,0.048873849843812434,0.008207738775218784,0.006236190204102441,0.013367738894851686,0.012019944455780035,0.009465116406402563,0.008752488428027734,0.1294487774703936
578,0.026706616294616552,0.046721749372521354,0.01438482894506203,0.012373703062308726,0.018555949731647398,0.00688012791170753,0.010246076995890509,0.011699761746268031,0.14756881406002212
579,0.01096895600049287,0.026016335948903072,0.009551911707392433,0.006180837998943885,0.022684177983479808,0.02184167222374199,0.006163671417755709,0.007958751944061648,0.11136631522477142
580,0.0050311688647585095,0.018973374508327655,0.014859571730062688,0.017691019347395715,0.0108143764954183,0.00994626508977461,0.00441800468119969,0.003134777969216011,0.08486855868615319
581,0.015002563767745579,0.013109598536060895,0.01652547292207992,0.011197191101743723,0.01465626113984426,0.0029312105630540553,0.002901008755340109,0.0033953108621110647,0.0797186176479796
582,0.04785620225635745,0.005064570889359044,0.07215088486668099,0.04191963796839743,0.010565019830431092,0.011923535289197687,0.005050681939710905,0.005921415599515618,0.20045194863965018
583,0.012110562527451843,0.026902817265518075,0.037398464387315096,0.04214928899864933,0.0038335458346604573,0.005331865408861203,0.0012014772173264113,0.0038317957694197846,0.1327598174092022
584,0.0034517237243520456,0.030496820551354602,0.007946422262370583,0.032306447398510345,0.002548012961377408,0.007661711224901423,0.0024106283708465255,0.003358298598082491,0.09018006509179544
585,0.05693620688066525,0.020676598825977003,0.010631353248135736,0.0017919564047667,0.004023534392987658,0.009641891467803145,0.0020102278650249387,0.006702481204255195,0.11241425028961562
586,0.03396042729483242,0.027625151144399517,0.0016865721701781466,0.01479535448756847,0.0031451818154463454,0.0050009204028772835,0.0025143451040005047,0.00885696644323632,0.09758491886253899
587,0.027968958977677327,0.022519597206810092,0.003430734515079177,0.03545784932758472,0.0013788701766143544,0.004479384331663871,0.0017418702923380632,0.005408371476974356,0.10238563630474196
588,0.020543981685618443,0.017507110931904785,0.0035944884307017753,0.011907996967011994,0.00469685929678957,0.0035042794221577986,0.0016726651385239317,0.00394468519745553,0.06737206707016383
589,0.020811572278386904,0.01482778223598265,0.0035168235436884025,0.017366815088045905,0.00469841331870104,0.00154381855464442,0.0022146927045481636,0.0015913240125413248,0.06657124173653879
590,0.006294372528172744,0.018074965333454925,0.005268770747242692,0.029734735539173884,0.004799669881072124,0.0028501161643066466,0.0012068665239868693,0.0007939382000252262,0.06902343491743511
591,0.006495793490357626,0.014382091817119523,0.013669704076480889,0.00950368299875774,0.0025756082657352177,0.0022679167488949695,0.002198786153189796,0.002212368990134482,0.05330595254067024
592,0.03621922690060643,0.017868726880920286,0.004724757697990363,0.005460827928479117,0.002915509219825122,0.0010033062329527292,0.0030495617116602976,0.006516558688316237,0.0777584752607506
593,0.028045364400260488,0.019781694029808863,0.001790301463178123,0.004548261587707643,0.006471821004353899,0.0006092565563468629,0.0021934684883586093,0.005726581296605908,0.06916674882662038
594,0.09783657524357704,0.013681068758844934,0.0037279721277110036,0.00420678603029559,0.007450178706058791,0.0006323330210535068,0.0009129043677264005,0.0054163774448167164,0.13386419570008398
595,0.024982146900765185,0.008094520177314934,0.003530715349299977,0.0037038680268627255,0.0008530912638751585,0.000315657280698452,0.0018269658458546579,0.0013201286915593621,0.04462709353623045
596,0.1275895204592916,0.0058768502165164015,0.00019087325417604348,0.0011940348498602352,0.0016640100636457122,0.00019867188630819715,0.000660174722329535,0.0011634741924760983,0.13853760964460385
597,0.017430835278200676,0.001481425593537054,0.003850660227548819,0.002666707667296184,0.010865679384712869,0.002299065041145561,0.0007522443977824825,0.0017051484144865086,0.04105176600471015
598,0.024474312775702164,0.0026633888662708116,0.001344895055157102,0.0010611193419365163,0.009259480726219694,0.0002047622666598008,0.004542814299227327,0.0015475158640807128,0.04509828919525414
599,0.008863862416498926,0.0041171774715561445,0.0029962644813644104,0.0013730919219382878,0.007642359841966192,0.0024371590892033335,0.0012209108504676134,0.0009059952473834984,0.029556821320378405
600,0.006114173531237079,0.002552951191482131,0.0007542802780792535,0.0002498391307892148,0.002967313348332225,0.0011700898219540114,0.0001605764285775747,0.00022389264400669818,0.014193116374458187
601,0.003305937158331525,0.0015095504343329825,0.0018014648504357015,0.001483607876899741,0.0004661675762174708,0.0025054332330003764,0.0001317446035677845,0.0004790298888432508,0.011682935621628835
602,0.0013988129279840652,0.0005357716732453834,0.0010405155506377842,0.0010373939025832286,0.00042965218108491696,0.0024291866808240454,0.00046180352880388013,0.0015801871507514292,0.008913323595914733
603,0.004094029851059716,0.0007170842188896495,0.00015392205648764344,0.0013278528748231105,0.0004832247558086843,0.0011992845659396264,0.0004888694951679811,0.0015873492047305535,0.010051617022906965
604,0.0180744259078191,0.0021730446738898864,0.000309549605522429,0.0037330573489372768,0.00013319792502313778,0.0004423347914231043,0.0020166365137820057,0.0024327648857210846,0.02931501165211802
605,0.023698241176320495,0.0012154847719593582,0.0045395424512105825,0.00067649668252316,0.0018903693189665795,0.0015522476763701583,0.0037094474568418133,0.004293273510494483,0.04157510304468663
606,0.013534935486778086,0.0005120988131688564,0.00264237830173408,0.0007997486502201586,0.001798879799276407,0.0015086169926456993,0.0028299838332373466,0.002702351162751001,0.02632899303981164
607,0.049788653172897455,0.00043634559189189285,0.0004306074930882435,0.0010018304188852804,0.00035969486537120387,0.005594093180378026,0.0016628814510690352,0.000859602293747217,0.06013370846732836
608,0.023435115034541116,0.004522875548120877,0.000274495276831072,0.0004737876970475235,0.0011062434539696844,0.0066206052365816465,0.0021673782023786713,0.0008793901956022913,0.03947989064507289
609,0.018137712240444335,0.008248962778741587,0.002438903065410435,5.363570252291502e-05,0.0021895454343703155,0.004408525803459485,0.003704505954225561,0.0002584541593148815,0.03944024513848951
610,0.03287184721850575,0.0033703559857714924,0.0013513247108706628,0.0014180067771089038,0.0003926449143224633,0.007834530010581998,0.004663014104975184,0.0012602154902761683,0.05316193921241262
611,0.022449812439306813,0.0023457884111604153,0.003201566639952072,0.0017671242475614237,0.0014194178851499937,0.010204918277122998,0.004494444805271434,0.002110067999853208,0.047993140705378357
612,0.01749460495920443,0.0005388700648983268,0.0072533669843450445,0.005807005873283929,0.0018930307657072933,0.0044403685600902494,0.003189134318140632,0.0009206844550955916,0.0415370659807655
613,0.053124939026130795,0.0013012605401933447,0.0028196669450505168,0.015966930871592698,0.007103797896961477,0.01067534811439155,0.010652577060891979,0.001352062933295492,0.10299658338850785
614,0.03924315997271445,0.0005753349104673898,0.004523624226830595,0.00904297511313982,0.004076373813831977,0.0011575086419390896,0.0055262015029154685,0.00023879136059088611,0.06438396954242968
615,0.00953403918109629,0.003291636481980296,0.017230516737804024,0.01627503280749371,0.004391864336272482,0.001906629729808879,0.009631905977902857,0.0025139201199724914,0.06477554537233103
616,0.011293699189066747,0.005403100982656696,0.011182214086302574,0.01530145523688599,0.0022379299738923978,0.0006642212905480633,0.007887568808370849,0.00330218413616267,0.057272373703885986
617,0.009753353382430222,0.005568575401934899,0.016976444070010983,0.014084112540793345,0.0028050475449221055,4.032967825714448e-05,0.0036701392091296444,0.0015415915352859405,0.054439593362764285
618,0.012201297524055923,0.016388316926217502,0.019835569437807034,0.015613437659709928,0.004171610336403464,0.002387393710324415,0.004554256219938564,0.010940440487254751,0.08609232230171157
619,0.021721340555177264,0.023454412224629965,0.015879336200836053,0.010446075696777775,0.006829521113018465,0.005009916105461826,0.003482409239214495,0.010880173079431526,0.09770318421454736
620,0.011771798213524962,0.022215778551890494,0.03640122423222183,0.004968779362774058,0.0058076233427036515,0.006753998345291763,0.00378890565542085,0.00879406350442031,0.10050217120824792
621,0.002262873402574468,0.029042731950179014,0.025748655993331607,0.007343699863695793,0.003397600084462101,0.006420846888989742,0.0023905237423294903,0.003583273921161082,0.08019020584672329
622,0.004400705649164895,0.0262130315582062,0.01306386948690677,0.0012102635189428321,0.005468983830584312,0.0054870530718925965,0.0016300677653814546,0.0006050149113761453,0.058078989792455196
623,0.00732052947518601,0.008292436810518116,0.024865287044190998,0.0018197710621455426,0.009026612293971283,0.006346809867895363,0.0013127752883731049,0.0011047871664267407,0.06008900900870716
624,0.0022097256332937673,0.013955589866510113,0.014141422740812842,0.006873133743887536,0.004436551095970418,0.0030299716569022863,0.007153596862617987,0.007049702930950973,0.05884969453094593
625,0.002003991702278207,0.01349427273750651,0.0311992759699461,0.002245975623113783,0.0022579307271900855,0.0016602216608115384,0.0036657892678705235,0.0006959434469784882,0.057223401135695226
626,0.002600458882275734,0.02324589351317097,0.04148921044302706,0.013138066115111145,0.0015472971058606364,0.0004480616062993173,0.0022399460558790276,0.001965457002161597,0.0866743907237855
627,0.001973742603736527,0.025150950887791068,0.018074363533345565,0.0029969460366206847,0.008346068435885635,0.0005854426952464276,0.0005860098332271445,0.0005748230069166962,0.058288347032769756
628,0.043708004317151355,0.02331103333301529,0.00153940961179713,0.010573334546426111,0.009828620903698088,0.0015275644386700488,0.00010675579585303849,0.0010802443779414919,0.09167496732455256
629,0.03680129090826429,0.015704249775561677,0.005262380907050012,0.021585360616840858,0.012270216532915788,0.002599014128006158,0.003262575899875204,0.003142753831717816,0.10062784260023182
630,0.0407251962091691,0.03774420185267206,0.009751238516923342,0.010092510217720849,0.005619884178943531,0.00042252481965781056,0.004275061403645175,0.002962165629206527,0.1115927828279384
631,0.027611137807822886,0.01512276623537909,0.00583795839143218,0.013208514360609633,0.005478157596701335,0.0001645730440057116,0.0040954722141655535,0.0007723597767935979,0.07229093942690999
632,0.020887772785217685,0.00926991818031156,0.007420267828894513,0.009828332266757476,0.006343977432530855,0.0011003340467637297,0.002723920143119245,0.002285734499742141,0.0598602571833372
633,0.01982847711582257,0.010170579131435122,0.0034664645495679864,0.0031932126356655965,0.006865035546635256,0.0009635436558176898,0.004119058977150192,0.0042131745975848385,0.05281954620967925
634,0.010990508490931743,0.015713893805627054,0.007870650576773974,0.0013010464028350988,0.006977300421038732,0.0019004868679528212,0.006852136595354765,0.00819404625703067,0.05980006941754486
635,0.012852170173449737,0.0182826918437336,0.0055662869803187074,0.0034465862383374164,0.011126577209170953,0.009865479502523875,0.0046074540652619855,0.006839845336160837,0.07258709134895709
636,0.013076021457099204,0.014352328109976296,0.02537430971296807,0.05655717448690075,0.0048948855512611356,0.009839959920868039,0.004676719686198853,0.008068862076537864,0.13684026100181024
637,0.012073785853539992,0.009259802564465937,0.005315108590953482,0.032569846590634194,0.00839727286632642,0.007152295263027698,0.006290144952414758,0.00971042278902677,0.09076867947038926
638,0.017821578792962305,0.006297972507550983,0.004830107116371501,0.011184040372254195,0.0015769285114431136,0.0055042481673918614,0.0033397248846082908,0.014474173024263737,0.06502877337684598
639,0.019608661983242234,0.0033270905158228376,0.001503517513083491,0.00775246699664032,0.0022576606744892334,0.004141870302007627,0.003654338371974756,0.010838486933530497,0.053084093290791
640,0.01070418337707631,0.006373362883685142,0.005546711123397356,0.010024849503211178,0.0017783441340597228,0.008388513391113302,0.007659580544869154,0.01471455824366223,0.06519010320107439
641,0.012514087939186819,0.002674012192944828,0.0022923887023858854,0.01470884003031472,0.0028164346137803135,0.010214055514362004,0.0009642871964098309,0.005137639342621348,0.05132174553200575
642,0.00969734469666276,0.004476476620451096,0.012661878147394064,0.0070964571268266755,0.0020117729650154853,0.00387516867772062,0.0038816358888323376,0.007476469784115095,0.05117720390701813
643,0.0014302209112618063,0.023915667717898725,0.0008137549749949462,0.0009552237563672564,0.004618696999370394,0.007620240008029235,0.0060535684350892785,0.018524666056331834,0.06393203885934347
644,0.00798352777819366,0.028770145053981913,0.0020340850190383136,0.0161144563445306,0.0032839506752022915,0.012843344938524416,0.0038369077887982442,0.021602424011606794,0.09646884160987623
645,0.019680284039418895,0.02424261239928364,0.004768365569781447,0.0015116255274972052,0.009838847620536603,0.015456931160357899,0.0012987340509581318,0.008183279936548967,0.0849806803043828
646,0.04081561541611362,0.03555767110252211,0.009017083872985212,0.0037285174491779156,0.028853635421403727,0.04370693244751996,0.009133656087210302,0.028853713207783557,0.19966682500471644
647,0.04287453132325829,0.0045347608902290785,0.007567659019000838,0.005974273543195085,0.006931187201433989,0.013158235435275141,0.0014911212630533556,0.005950556620010298,0.08848232529545608
648,0.015784065134544042,0.06833983483002727,0.003500876639196531,0.0028690250529138026,0.02589827058238637,0.024857275491825582,0.005886586971791367,0.013815625951466928,0.1609515606541519
649,0.009813422080021254,0.034219732457709054,0.02571867182232792,0.003132121598144144,0.01213832532787947,0.011308854265244292,0.004122118134141584,0.004302373764885371,0.10475561945035308
650,0.004218035556236136,0.023217075859682565,0.07364496525042596,0.009073002160856327,0.0030593290626865556,0.0022523477657633967,0.00027195738579952245,0.011273524813593247,0.1270102378550437
651,0.005781762039999628,0.026150183176683196,0.024642115786450272,0.017355973611814898,0.015401125635187562,0.00675818097726628,0.008602770430103372,0.002595745231756014,0.10728785688926123
652,0.03233809478039345,0.027415364362803868,0.002689655629548718,0.0005968160965016765,0.009779874275736341,0.0033873095865157112,0.004392593122726506,0.0018077093917135407,0.08240741724593982
653,0.0026220263479490853,0.006992304392689773,0.003491370259100739,0.004106697940564752,0.0010972247658663763,0.0038236518925207153,0.0016675916194532215,0.0025874975254270185,0.026388364743571684
654,0.024822998749843773,0.0061759096222158034,0.007200339968741323,0.003071139841487402,0.01615653326906364,0.008012933586655313,0.0031507638488685688,0.008264508303991532,0.07685512719086736
655,0.027086476559842507,0.0016914294289755631,0.010425522594359499,0.019128805743963022,0.00787859198249819,0.025919461718615887,0.0010467124897533193,0.024414932765053656,0.11759193328306165
656,0.041281168853015256,0.01502336252210547,0.0011706759201500264,0.022854783183434042,0.0412194274384484,0.019339505039598397,0.019730935245682434,0.02006244580409493,0.18068230400652893
657,0.03308208986952989,0.028068277515920486,0.006665315391874481,0.0028825879033882213,0.009327754178728088,0.016560464294227667,0.009266505578752008,0.009769217073540956,0.1156222118059618
658,0.030647204394596367,0.02560768423467366,0.007657192510205139,0.01703085311628963,0.01921014320904289,0.017227796657828268,0.007760451444394634,0.010981407406266677,0.13612273297329727
659,0.014520392362331073,0.039308221974583515,0.0030990912922717003,0.015209793663758154,0.018352900886447837,0.017896720878572758,0.006346363310501883,0.005842615000911848,0.12057609936937877
660,0.012797081362862147,0.010452211420496559,0.004415976339944295,0.01813177361854496,0.010439198971753641,0.014726233683679696,0.00591077830051442,0.012749229800165924,0.08962248349796163
661,0.009254518714352903,0.010849054807191272,0.006284881251213282,0.008523277421135182,0.01209698682861263,0.00809749108636964,0.007017891658900486,0.012764657645177663,0.07488875941295306
662,0.003068534889115214,0.008450968561480858,0.0018710059899042515,0.018774179385971285,0.0032329551908557596,0.005219737858139585,0.0037132904379585763,0.005562978058600009,0.04989365037202553
663,0.004024910759886154,0.013210147316389372,0.0008788484499940891,0.015005900695594123,0.008201628013917921,0.008336171864322044,0.0020477936037213876,0.008624322009440546,0.06032972271326564
664,0.0049421511425452504,0.006957947541014347,0.0019021209157660407,0.01173646494207116,0.004102355340410637,0.003424541779403859,0.002651410942608409,0.007723777487597352,0.04344077009141705
665,0.010770179886196154,0.00736811937824529,0.0012455432757638779,0.020472328744092792,0.0016036222762786999,0.0034137396384653455,0.003682580931811245,0.008453537375901843,0.05700965150675525
666,0.013044134370133352,0.002760861979261352,0.001463834169779153,0.007800802156473941,0.001959603282573276,0.009998789247668586,0.006681659987278936,0.00888636760807467,0.05259605280124327
667,0.010035964980457305,0.004755820284717327,0.0008657774762879283,0.004887531770192043,0.01026387994584172,0.008176126988805014,0.005917130744394809,0.0066975131594719,0.05159974535016805
668,0.010364691079516899,0.005553050313846601,0.0005189124678488788,0.005504012956328681,0.007057783717883657,0.006035297778450702,0.0055042267338312025,0.0029390500426055553,0.04347702509031218
669,0.007723405426490518,0.005506702098488214,0.0014020793191560554,0.0007101306408783065,0.008103703138883193,0.006022140833680223,0.008779844086954109,0.004393172968856067,0.04264117851338668
670,0.007110546447781629,0.002488939454546067,0.001616737864084356,0.0030826465660217803,0.00930367373255765,0.005246799750930261,0.008891501899353728,0.005230982364016944,0.04297182807929241
671,0.004965855114717903,0.0031121471950514242,0.00141204901129154,0.010027625171532923,0.011008373282395043,0.0047305015240285235,0.005773623114966823,0.004349813181722712,0.0453799875957069
672,0.007108027889163262,0.005817775935481475,0.00026598865076002523,0.0030026860314436715,0.00826603472230616,0.005774342908935682,0.00456104854129464,0.005214060316075653,0.04000996499546057
673,0.006161611895436147,0.007366934110466048,0.005693139887564541,0.003755207815465891,0.003610685633237922,0.006171303885235876,0.002998528471382034,0.003883264175429796,0.03964067587421825
674,0.0046066641680306206,0.004250623968777361,0.016896018559525154,0.001944467804866835,0.004568357258353797,0.0045641791355015915,0.0037746506631521327,0.003957964916548013,0.0445629264747555
675,0.0022136404158436583,0.0038662929880602707,0.012676723009943398,0.0010314561235022412,0.0037824050953257646,0.001194130184836168,0.0009573559570195743,0.0007447394476567592,0.026466743222187835
676,0.002478719683532182,0.013252185470968132,0.015649172628590703,0.0007305668949712796,0.004026523187539607,0.0011585508131767277,0.0018574382464374504,0.0002860950739763883,0.039439251999192466
677,0.0014667002153228386,0.0018466349338191405,0.008850704821813018,0.00047302441370660955,0.0043207811171030175,0.0012403945689486403,0.003240808060718321,0.0015573173675790398,0.022996365499010622
678,0.001656879464572185,0.0025415444966764315,0.00923732341894168,9.635512549689834e-05,0.0013508628230928805,0.00041972557363649526,0.002961839192417923,0.002057590276550977,0.020322120371385474
679,0.000821388554209707,0.0014312354195614755,0.005574458674925654,0.00013530443417072792,0.001519303807634648,0.0011505032558130606,0.0007327683735778516,0.0003176276209978359,0.01168259014089096
680,0.0028998288434965934,0.0065148804471284955,0.017499326293789762,0.0040535922090476325,0.000666304488189677,0.0015603770495718145,0.00024369091315231886,0.0016699375417550191,0.03510793778613131
681,0.0067356965001504005,0.007538810947270828,0.008070861708107491,0.0015126437580541383,0.00020080025473225114,0.0010526437617198495,0.00016967072252691058,0.0012347449285824103,0.026515872581144278
682,0.007043232494605095,0.00665531340671834,0.004850650657226995,0.0002462082027983557,0.0007827997837581324,0.002203259206861862,0.0009164076141155857,0.00094537180372817,0.023643243169812537
683,0.0039392928277304255,0.008990970445410158,0.000579206650470501,0.0020034873215642357,0.0004887505274862563,0.004332932469208397,0.0018949954159229493,0.001166834423945933,0.023396470081738858
684,0.004194485765460378,0.0070569386817087194,0.0005194830394188052,0.0008908724939390318,0.0010258888165729846,0.0022848078505333822,0.0011479322586032416,0.0010905895798884644,0.018210998486125004
685,0.00602637830573281,0.005515887779546398,0.004415706718238788,0.0026657199748404588,0.0007587472329823993,0.0007068017925161214,0.0015168711616091863,0.0016070747222757436,0.023213187687741905
686,0.01055653105078439,0.00874880954613166,0.0024375402908308353,0.009812560809045407,0.0016094901389125374,0.0008685243951588729,0.0010372375639753678,0.0018938015801556352,0.0369644953749947
687,0.012638902687886377,0.011646304470059866,0.0009085095829959841,0.002119422433306392,0.0037316377831530696,0.002440908594354977,0.0019712711799339208,0.00208275574708188,0.03753971247877247
688,0.01329130519689441,0.015197441006929456,0.0004570882829726584,0.0019513815791034957,0.0015974570223899593,0.002186294148632412,0.001998639843942681,0.0019120212499592786,0.03859162833082435
689,0.008119367258166681,0.01623402621887424,0.001264580370913021,0.00018796942549740797,0.0026499303659301343,0.0017513446989363547,0.0014012414258260213,0.0012312311612780384,0.032839690925421904
690,0.011002758777407895,0.01457431969085435,0.0006262587867470685,0.004924392860444261,0.0010580397392259762,0.0028748306940750614,0.0010066373785882262,0.0011684286489788457,0.03723566657632169
691,0.014353486983627003,0.01587629812334688,0.0014995866480497094,0.004888687115085578,0.0024545791254450802,0.0030700882101830284,0.002793433348097945,0.0022186543857843615,0.04715481393961959
692,0.016324847999170562,0.01378566416594361,0.0019525488992992014,0.0018164994428687459,0.004837647575376502,0.005221055052606347,0.005001271485025809,0.0041380769187491714,0.053077611539039955
693,0.01484920373947723,0.01281273610846699,0.005940456178651082,0.0021822411014631353,0.005938101848953682,0.00597500252928459,0.002784075138693821,0.0027778195844701363,0.05325963622946067
694,0.01853936378422625,0.01799104087314133,0.004891680235860127,0.0012630575015636582,0.004083818525216788,0.004304648327224054,0.001341603347933625,0.001307476067323599,0.05372268866248943
695,0.014863626969215988,0.013703903137576485,0.0013065394326706116,0.0037057160877897828,0.0014980526439373398,0.002526358689439701,0.00019802885932665445,0.002150202509316146,0.039952428329272704
696,0.02089696716519689,0.012861171997001587,0.002269659472290647,0.0002715940825087834,0.0008296408018716236,0.003780977610352757,0.00031228902438299805,0.0021735904081874964,0.04339589056179278
697,0.03374808657472904,0.01098971927006978,0.006173707600438786,0.0009383392182567786,0.0017858892788005674,0.0017604516495498533,0.0004433073406405073,0.00035892122564936524,0.05619842215813467
698,0.016791916657167668,0.03737180809498192,0.005982595505271437,0.0003540251231094619,0.0017940127561129869,0.001208288547919513,0.0003571062456235745,0.0006856988928589644,0.06454545182304552
699,0.003514789989874493,0.010924990899332257,0.007063865195393981,0.0011538950130196735,0.0015516696433853423,0.0009612779222880015,0.0003087457311931614,0.0004876400863876657,0.025966874480874577
700,0.0037637831566288264,0.00230851865997737,0.0016244228500356924,0.006117047637993209,0.000386825111949365,0.0004355584773643693,0.00026745077011674785,0.0006276922804932654,0.015531298944558843
701,0.007488326881769704,0.007434787027602992,0.000665572348098131,0.0091372394667616,0.0003854009091407542,0.0024718832062096737,0.00018761082470439245,0.0006659379452575462,0.028436758609544793
702,0.0036672482077463276,0.007604325915076217,0.0016991213825768613,0.01645839589295858,0.0007470017566666133,0.005222492062165832,0.0010388506191356924,0.0021281701395207747,0.0385656059758469
703,0.01517191977917169,0.008765513905606277,0.0011049820121296554,0.006802129062677563,0.004186180536507559,0.005304933429080396,0.003774421141865707,0.004117456808794467,0.04922753667583331
704,0.015983796637582797,0.008473219615271112,0.04084675040944538,0.022664104167298617,0.00455406233467928,0.006521301605631956,0.004798172234377955,0.0031842370424840106,0.10702564404677109
705,0.007035325444463228,0.006277476931666922,0.016525517980425418,0.001788097457593856,0.0017818812224194268,0.003917637019534784,0.0022672351646099765,0.0014966953990636985,0.041089866619777315
706,0.0007344095911636417,0.004933531994223647,0.003701133508268883,0.011602008965223702,0.0012335706103112712,0.0008696090322363423,0.0010872671662778923,0.0009096970549382209,0.025071227922643602
707,0.0023830829274950546,0.0102756117701324,0.006736079203563176,0.003965806032059343,0.0015218522319744455,0.0009770319542739781,0.001104757843267866,0.002212655517916505,0.02917687748068277
708,0.0005962283840267391,0.008793894147759414,0.013613911652561594,0.004350788655116867,0.0030533129490603,0.001554529460915265,0.0002142963050696708,0.0012117844477926582,0.03338874600230251
709,0.012958953629400909,0.0047905704443678135,0.0011763583625619058,0.016102621743054792,0.0056049764445345405,0.00048308020673110466,0.001992192195760551,0.0005614668478178448,0.04367021987422946
710,0.012263465998800628,0.002259850443256914,0.005641628755165628,0.015016040008632965,0.002427777697856233,0.0056816148420202545,0.004517399418770366,0.0012810709091234786,0.04908884807362646
711,0.010585597816980081,0.008347693854108669,0.006845757380390277,0.002730689872652209,0.0005595554085466815,0.007189275055627958,0.001911449947739187,0.0005963852307022306,0.0387664045667473
712,0.013498982293317516,0.012962284371303905,0.0007699397637094591,0.006614088679385705,0.0030333815383681816,0.00825892479692008,0.0008158356005688435,0.002426636860395042,0.048380073903968736
713,0.013130377791234783,0.010366011058686323,0.0037081318067895106,0.0057575634584889545,0.003478437694680269,0.00615431258126274,0.0033055893015525176,0.006423911149605505,0.0523243348423006
714,0.01001644665312254,0.01220885509624312,0.0019068495397328395,0.002550295817267109,0.005447651365396009,0.006390007513638309,0.0041099035685839115,0.005496168479782448,0.04812617803376629
715,0.0052099575819494655,0.011711224861258075,0.0009763615337432334,0.0033675405366325063,0.003467970150469851,0.00469695777333856,0.0032618325884557773,0.002847138032430105,0.03553898305827757
716,0.0040643388836559815,0.008896481853792958,0.0011594892099682766,0.0026687249150226713,0.002326916524872831,0.0016261104938610359,0.0011798392956443252,0.000890887801375719,0.0228127889781938
717,0.0015450125042566574,0.00429012715632983,0.0013842002068740857,0.002425267929458601,0.0008175704576965532,0.0033739400588873626,0.001415518481638934,0.0013824181040475783,0.016634054899189604
718,0.0012414308161312782,0.01198939405745601,0.0005829950537264751,0.00510241656002707,0.0006485160656971779,0.004384211774488785,0.0018919329413109032,0.0017216084456206612,0.02756250571445836
719,7.86485038229934e-05,0.008499217162969813,0.0004131992982795063,0.0022073511717036628,0.002800176191030369,0.002788202571150652,0.0009501932881973975,0.0006168255608255325,0.018353813747979928
720,0.0019312902716552486,0.006239291679307368,0.00020655266182973705,0.00231485259217114,0.0002509834601733869,0.0035453072879229864,0.00207736274896225,0.0017301582940840749,0.018295798996106193
721,0.010582163305057667,0.00383319069207079,0.0005438036846314223,0.0055265418539101165,0.0012465272227344861,0.00326378002843597,0.001337037602376389,0.002846007784837015,0.02917905217405385
722,0.009537491225542078,0.002622319445284383,0.00048562075848007885,0.000847594297312998,0.00020517113560490266,0.0031153145990682187,0.0006295614248339527,0.0020480674922361487,0.01949114037836276
723,0.0116402165556415,0.004444108036515706,0.007818642537525459,0.01805480717743324,0.0015367071063747606,0.0022808570542421107,0.0007040533364812847,0.0006685985774516155,0.04714799038166567
724,0.0024993888752918147,0.006204945040352943,0.007847701700608256,0.00793276799862302,0.00392415636382081,0.0009312285666703782,0.000375644516617326,0.001265768595362181,0.030981601657346727
725,0.004777222574588222,0.004947562126537739,0.003407583836466532,0.01689639575885032,0.0032787044661985016,0.0038759336891155886,0.00045092475363598566,0.0016907816222926507,0.03932510882768554
726,0.006758323067306157,0.006118594985010508,0.00197110350273883,0.02182669739515963,0.005925760026527056,0.0028401666918693334,0.0007716114656344869,0.008029714263431952,0.054241971397677946
727,0.004993901209088174,0.009734487498394288,0.0004109506802709023,0.01372774844440554,0.004918279992675903,0.0006309404175814422,0.003812410535351024,0.0054178456277856986,0.04364656440555297
728,0.01203930899448355,0.008861136376515094,0.0014908239793330932,0.0012998576846549783,0.006138652160795052,0.0011281282057304875,0.003881785966926513,0.00480307748336594,0.039642770851804704
729,0.009687625264240432,0.0029719991663970657,0.0038897884159521065,0.013011456182356915,0.006197933068348552,0.0006209506190532335,0.0035804335112467104,0.002977581348427251,0.042937767576022266
730,0.010914523103723076,0.0008708276644949895,0.0027902340234711213,0.004493517481151236,0.0046925843491639925,0.0008357446111332284,0.005358249678639447,0.0035940855443409745,0.03354976645611806
731,0.02030500967728523,0.001008586917733228,0.0006970677073543061,0.004297708965331675,0.005413366992830912,0.0019018943489913314,0.0025019507591391432,0.0017920145603554593,0.03791759992902128
732,0.013811779357476715,0.0023556173140034634,0.002681700163495379,0.007995327903144955,0.00341236033501648,0.001481961251062897,0.0028175755026081566,0.0034402940513510926,0.03799661587815914
733,0.0059734919983473,0.0016842534975211184,0.003428883650725955,0.004320326823987521,0.003908902816482653,0.002238756811774832,0.0021867869576676765,0.0018530496641737003,0.025594452220680755
734,0.004118914342680464,0.007401301238270318,0.007507654425204683,0.004356322947037047,0.005681376743744327,0.001467152746440523,0.0033482448553915486,0.002400704663460956,0.03628167196222987
735,0.007503344399536724,0.004984101092680338,0.0031869623731590625,0.000360410144358132,0.00344266735739955,0.004161945774891902,0.0026360344690666087,0.002553434232931508,0.028828899844023825
736,0.0014005213976889346,0.0006593674434173871,0.0011844073518423612,0.0013128912641611414,0.002504654712365773,0.0014967340866948976,0.003815776276071065,0.0032961881459888545,0.015670540678230413
737,0.005522113640069213,0.0024818409970637804,0.00045601433623139177,0.005518840113709009,0.0010462617699447342,0.0032394839916585366,0.003168363574563212,0.0032898288297091858,0.02472274725294906
738,0.0006813131623757804,0.004311531108425037,0.003935647545364843,0.0062254865145973375,0.0008335843276323466,0.002176416381083464,0.0008916602112794959,0.0033862284938486814,0.022441867744606984
739,0.0015296594356725443,0.012271207988962248,0.00627653841107735,0.0077687081475283,0.0007809587650988779,0.006652502359722041,0.0005163215188791301,0.0024801564227970277,0.03827605304973752
740,0.005579624714217003,0.023812568403900013,0.013215383864302823,0.009184845963121675,0.0010417392885300905,0.01845215268307933,0.001875704316839518,0.0019470136043282286,0.07510903283831867
741,0.009008869511012043,0.008039484871765694,0.017966464659631202,0.005029895772680497,0.00322697229831968,0.006102743125892667,0.003543279563407263,0.0016102055785189998,0.054527915381228045
742,0.0321065924497877,0.001193818613497385,0.01726240560862747,0.0009403428434716332,0.005164552130128354,0.005368413889976862,0.006437360410068782,0.003869469095694443,0.07234295504125264
743,0.02472063453444467,0.004180493806074056,0.024275899941451226,0.0009194840490116356,0.007587441837944984,0.0027624944730404986,0.009429408347145594,0.010167187769220744,0.08404304475833341
744,0.01106438300607272,0.0072506094627254915,0.020014933741011758,0.001652180864955992,0.0049112326137599905,0.0016959037905700989,0.007215072852539162,0.010696717757947293,0.0645010340895825
745,0.009955992963420018,0.021576726755653607,0.011439285050079972,0.004230908527523008,0.001506112342384034,0.0038507299302804605,0.005453523523630933,0.009395847421410277,0.06740912651438231
746,0.02406944942046348,0.008452911439557615,0.06797790971373462,0.005315345342723546,0.0011589933555927348,0.007782593169810305,0.004120572769439472,0.013370754264065258,0.13224852947538704
747,0.16933277048128545,0.0755906906389445,0.16895102299716797,0.22341469257520846,0.0752240676951107,0.09954966930302712,0.037676946728363976,0.06074003413626627,0.9104798945553744
748,0.01943011239031681,0.07165683173687216,0.017484322574442497,0.03363920061199056,0.029410498925107345,0.04105655862402985,0.013153229972227398,0.020625956709755092,0.2464567115447417
749,0.011660542735310479,0.027954478819373373,0.006068296283519026,0.02789436547775643,0.013856984235694193,0.024425378314775058,0.0014687193690125686,0.009704404473826046,0.12303316970926717
750,0.07655435107059062,0.11519012923029104,0.2671036123419408,0.2447490184605448,0.1393546514669552,0.05153248690984114,0.06837078223714997,0.03415340394458164,0.9970084356618952
751,0.16478648470357854,0.04983447671456693,0.008426312112382515,0.030053072222298853,0.0249035597869143,0.021260639196231595,0.015751321679755764,0.011577633667176866,0.3265935000829053
752,0.02601198833790828,0.014472700572717382,0.004304281547816539,0.006355736425076364,0.018786614762971766,0.001098861124495439,0.01529234494803158,0.005813752964481128,0.09213628068349847
753,0.02683901416164743,0.020573299183952416,0.005964104043382032,0.007710128818931186,0.008146860423974573,0.004955710248027179,0.0034313365172676416,0.0021530816800744697,0.07977353507725693
754,0.04006656991382815,0.01280592243239637,0.006398948712010997,0.0038837712570125625,0.0055830035956344,0.006896483688384046,0.0008766435414353952,0.0019329194775701728,0.07844426261827209
755,0.041417402306715076,0.010062272830200447,0.008264744583455746,0.007895610029125599,0.010268393151214047,0.00040966578918407814,0.005304708119818683,0.0017104289795833595,0.08533322578929704
756,0.018100690245034027,0.032085926830332574,0.004530959284610515,0.020354185907067425,0.004840850673022937,0.0018035594335295345,0.004109292407043009,0.0008327433694235077,0.08665820815006352
757,0.013052832897653854,0.017724576654190655,0.001107351860532735,0.012217431443537211,0.0031265946595716867,0.001175956786015778,0.002095176878113386,0.0008268942079686837,0.051326815387584
758,0.008600725888427769,0.0058991574751245425,0.0013086454642130404,0.01346721439210989,0.007520259846580798,0.005412436494434333,0.001525358629655298,0.001583833953332655,0.04531763214387833
759,0.0071758191968962735,0.044517200097195724,0.002993489558064381,0.005818369009386213,0.007953578872426027,0.007351030744131052,0.001701887791045931,0.004922178127007431,0.08243355339615303
760,0.012428113358829585,0.04336987567051988,0.006468840711397969,0.0027271877473005936,0.0050268324299941975,0.012851027673451797,0.0002941788012780116,0.002932517317570992,0.08609857371034302
761,0.020987747357208417,0.04280829614652332,0.005882005079877941,0.005512368676520197,0.004780916438742534,0.01128372389813515,0.0027891279939114924,0.0013464153211261414,0.0953906009120452
762,0.04236679921519536,0.03302646679215901,0.004768989763198388,0.004067554363402481,0.011156377183780668,0.011889782435525395,0.003007375884396394,0.008113870251836302,0.11839721588949398
763,0.054028246563697056,0.02716782026912176,0.0005378324609571268,0.002095937312747672,0.02288524453199123,0.011770634756241542,0.0073697521809197135,0.007014691843609254,0.13287015991928533
764,0.047625948285132606,0.022825826381918723,0.00080922102362127,0.0036361164763081166,0.014159933892605964,0.010982679514588548,0.010624969729544586,0.0023059128842623042,0.11297060818798212
765,0.04772255984109802,0.014079018913588438,0.0029576000818178536,0.0013061123801658314,0.008799237280977002,0.008876570251358277,0.008530505363351456,0.007361849888199814,0.09963345400055669
766,0.0633608833905597,0.015094557472259068,0.002112457540199598,0.003031439815219985,0.005363743481677314,0.009878537037265859,0.0059379701211357055,0.00823330099611024,0.11301288985442746
767,0.018870343984111464,0.026829949437577622,0.008655449847181178,0.0016473873500506906,0.0037001180763147515,0.007576928408059102,0.004974035353123213,0.003948993515196002,0.07620320597161404
768,0.09192794607675218,0.02946180431025174,0.14563083668340626,0.17423425000395543,0.007151914775314435,0.0031013616057182004,0.01619877460209807,0.014668917501430337,0.48237580555892673
769,0.06239787752348485,0.03326399887777022,0.06642384817596347,0.13661549665229075,0.004261252250366445,0.006009666546096814,0.0035266649927228003,0.006618168388091509,0.3191169734067868
770,0.10903991241452854,0.03791788940117332,0.011361658247324288,0.025425749950313513,0.005487433970382972,0.004635710822213885,0.01103737622807859,0.0036374452027912816,0.20854317623680643
771,0.027546809123344347,0.036668164814731584,0.011523453121649225,0.008864153904734601,0.01069074065879801,0.0058825870340261065,0.0165177330506478,0.0022503045617433617,0.11994394626967503
772,0.06481244442844665,0.03348638977748206,0.007839793746282808,0.00090273444717593,0.013638270478425175,0.015877623804698298,0.009374332689848263,0.004960677312266467,0.15089226668462566
773,0.05721405622912899,0.041256442266659255,0.004215849852348748,0.00016295113026056895,0.007115464541996402,0.012813753663347548,0.005533055737355845,0.007471683761580523,0.13578325718267792
774,0.04756765373133427,0.044422518127273734,0.002337568976747569,0.003086782065295388,0.003771286940527987,0.01131520829744435,0.0035930979842386974,0.004044767414928,0.12013888353779
775,0.04379600237707574,0.07369925264108243,0.008424569803086585,0.0008903082980939967,0.004618461294203282,0.005906807735142981,0.006611408391302022,0.005589248995571396,0.14953605953555846
776,0.021068340943597504,0.02747898053758931,0.005193779823253156,0.0006411747168937267,0.001186623678245409,0.0029326672797706475,0.0037977872779043883,0.002707303515833849,0.065006657773088
777,0.054400964582430704,0.01848368341822861,0.0047024670940464955,0.0011022160280371874,0.005915828333911008,0.002007614093187277,0.002061940368960178,0.006585454790993409,0.09526016870979488
778,0.0315818230175895,0.11039864284915205,0.0020765810994796815,0.0007934209355226193,0.004787601495715416,0.0042412336694762215,0.0038895538439544988,0.002531553827061305,0.1603004107379513
779,0.0202749137480595,0.03401509747144893,0.000704297042962857,0.0005895326235691353,0.002037406512632214,0.0020337722539813825,0.0028471139431773414,0.0010279358162396692,0.06353006941207102
780,0.02589650076791062,0.09340003131513537,0.002629615224167009,0.0011814902284060411,0.0019731969473443314,0.0011697371825982981,0.0007842252697599321,0.000722278365031082,0.12775707530035268
781,0.03478696267268979,0.07145358766518471,0.0018634081765387196,0.004478776740604458,0.004957250561032845,0.0016145828540968373,0.0008620450968627,0.002015104924581774,0.12203171869159184
782,0.04082709337736115,0.04628727956445045,0.00045437663762044005,0.007057078819715478,0.002452350285749731,0.00028450575681329275,0.006553686886804382,0.004943101215280277,0.1088594725437952
783,0.0394814639033296,0.040859606786119974,0.00021694191945222107,0.007588396746828262,0.004440818194635371,0.002529015670017597,0.0033023220396353288,0.0016342203219717152,0.10005278558199007
784,0.03341320132796649,0.05737661584699022,0.00041980590977374693,0.002040942017175432,0.0020481871059110928,0.003303591211365852,0.00783009514008341,0.0019773858044494007,0.10840982436371564
785,0.018578490728611747,0.027541649329919593,5.862049390631048e-05,0.0012124950218251145,0.007897862233723145,0.00649361887822896,0.007122281873819416,0.008385792796561691,0.07729081135659598
786,0.01610270037180339,0.02181510273300383,0.00022165989719606053,0.00120328944885265,0.014569304265670907,0.011807725569206983,0.01068344863859918,0.010604356584936466,0.08700758750926947
787,0.003466057750939252,0.01512481679680021,0.010597678992289174,0.0007576980780949917,0.019394688378876233,0.007652287206407859,0.010436647634032887,0.005771390671442887,0.07320126550888349
788,0.008064434510610775,0.009504292017491525,0.013711486339470292,0.000944847888703373,0.020540222002289422,0.011701530264150356,0.011892092785628632,0.00496669761577187,0.08132560342411624
789,0.011333885274984686,0.008467791044294149,0.008628119776496171,0.0016643248623914196,0.019118179126003047,0.010975261292480732,0.009440401627317864,0.006805118835174984,0.07643308183914306
790,0.005273121243390511,0.009370118163664945,0.004108921982107692,0.0015373977111804375,0.012413185960716023,0.007093366349468351,0.006945141496172124,0.0015873304847965034,0.04832858339149659
791,0.003965962394993171,0.006561248447080608,0.0013790377020633647,0.007126385980852354,0.0076258771027219886,0.002600273737507478,0.008835964904561835,0.005075132205064434,0.04316988247484524
792,0.011552587928173099,0.0026736495945907115,0.022637485399268388,0.006872488817670421,0.003949563894317365,0.00364559010173732,0.0029210560232612597,0.0017507528347923927,0.05600317459381096
793,0.016160760776699864,0.005678893058457865,0.021567654276110466,0.0024607288100951114,0.00431851316810249,0.0037619610233350816,0.0030570932787351533,0.002438813483642366,0.059444417875178394
794,0.01230435360963418,0.004502470799662276,0.013418198191159008,0.0012966901700622417,0.0031540474209231398,0.0024381818413952046,0.0007829713985522555,0.003112804228060046,0.04100971765944835
795,0.00824112620900366,0.002354676552076851,0.00861351906218885,0.0014750155593512488,0.0008514764862959146,0.0016526358998228269,0.0048995549694770615,0.0045992621793059865,0.0326872669175224
796,0.005136718577636711,0.0010234846332751383,0.0008296277666576221,0.004163893807343604,0.0012770683537639484,0.0005281410546506321,0.004644209081625749,0.004516379630212877,0.02211952290516628
797,0.002510759639398392,0.0018133917795890065,0.0027664547909328125,0.0019364283470230477,0.0027137677745697553,0.0015229712642648348,0.006714394674499289,0.003211491706663031,0.02318965997694017
798,0.0007227676650683315,0.005960023995455196,0.0043432640122647295,0.0005742711570882778,0.005388973163357146,0.001884321885382952,0.003215519636502861,0.0007156480915080248,0.022804789606627518
799,0.003262190932032055,0.004143971989424979,0.010833459649812189,0.0031273654859035878,0.00838936409369453,0.0034181110133189195,0.008415522633188942,0.0026487705142620873,0.04423875631163728
800,0.002350493709664049,0.002159697376954929,0.03073761979761343,0.0013797606185033783,0.009222360567722491,0.0010692989430502392,0.01189849676398811,0.0033817234184036326,0.062199451195900264
801,0.005926730697904559,0.00037689842316109836,0.03103558092728364,0.0019044756569977365,0.008839454767218632,0.005868795758004134,0.011877111659287747,0.009082572730732485,0.07491162062059004
802,0.013827158419793293,0.0028616476525572384,0.017817584294654062,0.00310461084628815,0.005980070731582064,0.005127519460671122,0.010586839045964419,0.008515765676701904,0.06782119612821225
803,0.013956762546077738,0.008230767308934416,0.01969658730752929,0.006100810241436247,0.0034420036533567744,0.0033156742105366313,0.003675197152273107,0.0034655470038511744,0.061883349423995385
804,0.016834535106142384,0.008243575344156992,0.02506041124753244,0.0024282670630105183,0.0026573995580786262,0.0042069759222817015,0.0013772196455621671,0.0028128471276553423,0.06362123101442016
805,0.017941929989533385,0.009211856996419247,0.02354449133326978,0.015109459470572701,0.002811471100659711,0.0017006475776963038,0.0016658620062682656,0.0038874318024902186,0.07587315027690962
806,0.013870097959020415,0.011900804181255224,0.013988986933512998,0.005288961924317399,0.0012754479494831296,0.0011190853189239043,0.006639675120682157,0.005499566303627226,0.05958262569082245
807,0.014159245249758066,0.007963250310573936,0.0042570349285217385,0.012527401806468885,0.0014904713171572455,0.0018168306478304752,0.0016047635379965015,0.00394826248482661,0.04776726028313346
808,0.01381163755424592,0.008573612907895701,0.004445972733381683,0.00606512957595563,0.0014506077611932814,0.0005051662961266174,0.0009660128916170339,0.00032072142785569276,0.036138861148271556
809,0.008498368327272306,0.0008438894171517541,0.0101755541347961,0.021728932096842946,0.0002954237716245213,0.0017802205580011992,0.0018852746519965892,0.0012956662754139484,0.04650332923309937
810,0.006817800211044503,0.009565322263605921,0.018156178943442437,0.009551501930651306,0.0005568579058592382,0.0019461204867048708,0.00441215159565993,0.004238429840793204,0.05524436317776141
811,0.005535855225475463,0.0012795194859915114,0.002012013627116973,0.0066159271952300576,0.0009929785366895446,0.00029698280430423297,0.005048654515263914,0.005595912534362793,0.027377843924434493
812,0.003672053195926147,0.004367767570027683,0.003218152067717919,0.002174143057363049,0.0009351330211131453,0.0004093214883576172,0.004369105150328557,0.006764037138972822,0.025909712689806935
813,0.001653169026123281,0.002527484564666135,0.007855933501371173,0.008669467992081379,0.0014378548258494376,0.0003580757009442868,0.003939777216364813,0.00358163160864482,0.030023394436045327
814,0.0019062997543592584,0.0031840480515148077,0.0016516368952941233,0.0006287331756689475,0.00028815023894678357,0.0011884781141827652,0.002842771792540119,0.0015535155259064658,0.01324363354841327
815,0.001493356620400457,0.001712719421591355,0.002220422209297177,0.013259491238145831,0.00021397491551262282,0.005356886908863442,0.0004824238718691197,0.0007580579671998645,0.02549733315287987
816,0.0018023312312500114,0.0008635273120502118,0.0005322230636260017,0.010561837250421306,0.000780040081253574,0.0084618370225699,0.002329878995078407,0.0006709131567679528,0.026002588113017363
817,0.003003656447822053,0.0010343695210751768,0.003960763116751841,0.005326305982111188,0.0007170214935900974,0.003836362306015282,0.0014694749442374973,0.002076959274626191,0.021424913086229323
818,0.00265751013541335,0.007699985733724778,0.001850539143878827,0.0015047673216121449,0.00021468393516615615,0.002694673310830244,0.001921578424040275,0.0014674809144028975,0.020011218919068673
819,0.0016367642000067095,0.008181206413763204,0.006626752270259451,0.0015221440392083653,0.002185834129792254,0.005521337249969808,0.0007704264827716927,0.008811072968391264,0.03525553775416275
820,0.008537166980344242,0.007449092828266114,0.0028762637651816164,0.005119350574973557,0.0008898068869599195,0.0013895149795436906,0.001978245621734649,0.005017007179749625,0.03325644881675341
821,0.005624980948347764,0.005344424277657641,0.004104680973636209,0.036497101167565195,0.0018130188689425657,0.002009054425079166,0.004763338050871075,0.010649087834939477,0.0708056865470391
822,0.0036606562841301226,0.01168480875409176,0.004168512981901546,0.014227695992587261,0.005251873380286388,0.004185951703264926,0.0037938356727291547,0.012116884156572206,0.05909021892556337
823,0.005752517575392824,0.007381661370896525,0.004306954601717136,0.013301863950293433,0.005704580497246775,0.007869314618782847,0.011641288216628534,0.003902380341683864,0.059860561172641935
824,0.0034134872902164166,0.004019107435977217,0.0039109663974870945,0.004758544084141835,0.006447071618088552,0.008363928379825325,0.009528039458814652,0.006876446018120304,0.0473175906826714
825,0.004668791364328807,0.007119425032357746,0.0017839621091514468,0.012975627070731155,0.006708337416839529,0.013641988086260878,0.008670629521366248,0.004416483843509648,0.059985244444545456
826,0.007298561307603658,0.002642743673769948,0.007310412005486546,0.011520457880334779,0.003718364208909843,0.0022340602642250454,0.005737119870013755,0.004920871174993733,0.04538259038533731
827,0.005108343963248637,0.0013362702304973576,0.0028956224128996702,0.008769665083904794,0.00046427070983976246,0.0018921385019123622,0.0017094375218494953,0.00204127926365171,0.024217027687803788
828,0.008565382700762368,0.0008608876758376081,0.0012288586633939715,0.010142962295384405,0.00019141739119284232,0.0011073495377232534,0.0017387451044556237,0.0029294833915165484,0.026765086760266617
829,0.0016811439839718183,0.0006279208588391692,0.0014927610158302974,0.007116592839321221,0.0013511832035113347,0.0006750159915911416,0.006095317683174645,0.00948655328111338,0.028526488857353007
830,0.0004235928788416323,0.0015883862799587736,0.0015625148447474797,0.006709356627794729,0.001122288479074948,0.001845155535535803,0.010196115490855386,0.004542222651917939,0.027989632788726692
831,0.003223070524893006,0.0012261868729222533,0.0013469412101167653,0.0072817798797461895,0.0026682276877914046,0.0011104787308655242,0.008278093438515934,0.0055207029728775794,0.030655481317728654
832,0.007373882967539246,0.0007279696748903772,0.0011040200735917501,0.03805436394318951,0.0007932953631505557,0.0007777965558753979,0.006257369051027413,0.01029701854262533,0.06538571617188958
833,0.007029213699676132,0.009049852908647325,0.006566779605271907,0.004211197075031223,0.004973677495101182,0.007036946348176731,0.007528232667395324,0.007124031812367051,0.05351993161166688
834,0.007299210166472868,0.010023487691466385,0.0035575322606543553,0.005401257638329675,0.005287849079348148,0.0068320282198632105,0.00865773295575419,0.007143468667599415,0.054202566679488244
835,0.008447282303473991,0.014474562591025262,0.0067727848672832405,0.00235837805240092,0.006085269845672262,0.005102580440264535,0.006594047566211623,0.00693892834706813,0.05677383401339996
836,0.007522797779680818,0.00263403271115211,0.01706410587984497,0.048585380284927995,0.006309889728037517,0.006244106903859305,0.006115897440251017,0.0038756869606231172,0.09835189768837684
837,0.007573773022604858,0.0037482739331993497,0.003609559719105293,0.004798343320781872,0.005074138762412955,0.00835007113253264,0.004092186213511118,0.003790724623519813,0.0410370707276679
838,0.01156162257784031,0.007892381618294664,0.002588001593494596,0.0018269109723711406,0.0025282222396212145,0.009817417766137431,0.006513586420065787,0.0021920297154867973,0.04492017290331195
839,0.006593313441546841,0.0037510114571318257,0.0033480044322157254,0.001162881740592095,0.00632583887237187,0.0031937293086421073,0.009645630485445629,0.006095439010505881,0.04011584874845198
840,0.005273907736315015,0.004365297709232504,0.0001706869417258309,0.005668987397844257,0.009974456708089628,0.0028361926146255904,0.0090319054038763,0.012655826632224672,0.0499772611439338
841,0.0034026506982360776,0.003958005317934586,0.003810940192925348,0.0034063924542418124,0.008589414848535535,0.0019041906687656109,0.003540231305141089,0.010498700670881341,0.039110526156661406
842,0.0036866237971709304,0.007601475910692439,0.0054916445706282,0.0016440674316671956,0.004991993258672116,0.0022921548063205067,0.00452407085348722,0.004064383311904737,0.03429641394054334
843,0.011835020893179827,0.007342025778846159,0.006421647157654351,0.006127545719952216,0.0030705118080512285,0.0014253535529547248,0.007120368897318368,0.005216687758944501,0.048559161566901377
844,0.01171301659517578,0.0029612405865202815,0.010121761667424052,0.001358950646430988,0.004952714538909816,0.0008676700580990597,0.004439046030747388,0.0034842718639387874,0.03989867198724615
845,0.03125228233408178,0.003085835878161932,0.0045135660075459865,0.012470649761478282,0.006607930768977535,0.001117541145731332,0.005386827325447509,0.009021809186851835,0.07345644240827619
846,0.017495928091158932,0.012860434426672654,0.0023813834425306375,0.02977792872711269,0.004613832905071851,0.003739790331657072,0.008995182116592185,0.005136581219963447,0.08500106126075947
847,0.01572256750018212,0.028252216941797113,0.006745947239879377,0.01220536548469258,0.01033434082850869,0.011356058524364653,0.003975518291991923,0.007461740359073792,0.09605375517049025
848,0.008530927172905909,0.04136330626195884,0.002229892710496767,0.0017800891060559445,0.014824291891057068,0.013831078971389873,0.0022237767034456687,0.015021971759610899,0.09980533457692098
849,0.015456630241102045,0.018789171436351632,0.001791128475513022,0.001217037396653758,0.007394626187356838,0.004783740997419677,0.00398171817354962,0.013149156641096553,0.06656320954904314
850,0.01689533518549659,0.017258077461543272,0.006282745667965074,0.010571574039562288,0.008498296981369514,0.004697362012557679,0.002421305605091924,0.007982539889439201,0.07460723684302553
851,0.026997443999766616,0.0694728850579334,0.005763996348715877,0.003531769156285732,0.0029496021032106605,0.0029195892211786242,0.0010457260186136214,0.00025928152703353643,0.11294029343273809
852,0.060064212295471854,0.07480320645991305,0.00024942156689997433,0.002113932984724819,0.0029939283211064234,0.002895100912682753,0.0009573475182498014,0.0016847530611874331,0.1457619031202361
853,0.04072175598653995,0.09352563854144252,0.016146785653886147,0.0004585605948585819,0.0022441037568875404,0.009630179437767325,0.0004643748452289959,0.0022120224515295426,0.1654034212681406
854,0.07082017666035642,0.026116043473725852,0.00969616135636264,0.0005450325806455646,0.0031446545332674235,0.00940239878532003,0.0005889296038219344,0.0005994979562274952,0.12091289494972736
855,0.17343548543319715,0.013736157856070262,0.009604074358951796,0.0007161119007180072,0.0010725686650824699,0.004436107675686387,0.00033188056756848294,0.0018684025193324396,0.20520078897660698
856,0.0354860655460552,0.003224449208316112,0.013009624283969567,0.0009663273768931535,0.0014927562609572333,0.004775587645603373,0.0005296608186041215,0.0011311882036655256,0.060615659344064286
857,0.018648999758937294,0.012385049233089362,0.023160804109729802,0.0009385444049255704,0.0030364817681807635,0.0014404497200328212,0.00417478194281156,0.0004256364146444013,0.06421074735235156
858,0.009057706765213124,0.007078099427563328,0.010405320339133758,0.0005399514894341247,0.0055328422027187876,0.0012115298510981774,0.0048986806150149,0.0021250458757307647,0.04084917656590697
859,0.006788548328572372,0.00447470945699055,0.004075332261895095,0.006760644086098937,0.005493159228998377,0.0010820620728046136,0.003321838487225438,0.004258516704658167,0.036254810627243554
860,0.004887251613883336,0.011695988472704958,0.006992281618320699,0.0003897819346961806,0.0015852893949332546,0.0018754137424676876,0.0014923610109045232,0.0019390314630519762,0.030857399250962616
861,0.011316530543036647,0.0115676780780085,0.009571696066206305,0.0014185777935213253,0.005151013036413751,0.0027561840727266243,0.0027554536441179566,0.0019778358602147925,0.046514969094245906
862,0.010502932878399918,0.020193842669821018,0.008282690272800227,0.0024245967884739786,0.0023068348852470313,0.006270857747254654,0.004086001089344305,0.0035395379820149547,0.05760729431335609
863,0.01404039082593937,0.02289395068332344,0.028465615250000628,0.004161187172830634,0.00651479646740169,0.007246430842639593,0.0073431085194036955,0.005491603390744562,0.09615708315228362
864,0.12884981777522678,0.007342608133759288,0.005026058730482984,0.0025451375862652922,0.00300958867653708,0.015466882232553113,0.006118952779767373,0.007156835272632178,0.17551588118722405
865,0.07764712960083654,0.0232013202825503,0.005971795233055309,0.0023092875018356157,0.006124023248600051,0.013160623372208271,0.006366733703236526,0.00788009013001311,0.14266100307233576
866,0.03316533820589089,0.06704910783257086,0.001838741726517046,0.005042729040100326,0.0077317154691113965,0.010027342896954256,0.005408362942632229,0.0072575895731646295,0.13752092768694163
867,0.012653995227682669,0.13184622188873985,0.0036865359968607956,0.008697744315082745,0.011710584431243664,0.005356738414314982,0.002269399071677032,0.004438691943437938,0.1806599112890397
868,0.012484291693665626,0.07089957032681889,0.006004645178416348,0.01831589645984856,0.008452048432550896,0.0041966283529179865,0.005398086875824523,0.007752009650602086,0.1335031769706449
869,0.01591969386199515,0.017282556016558155,0.0006900135119913112,0.004231256160214386,0.00836290501748759,0.00597762212485908,0.008012615023231546,0.008589414525140041,0.06906607624147726
870,0.01680777304722094,0.008539098666578008,0.0025269879256965408,0.0019225111698645755,0.0009142542972468287,0.003858762338943878,0.005723779963208424,0.003985076254331197,0.04427824366309039
871,0.009473693670105714,0.010544030907597476,0.0029314259235433395,0.0016447377190591177,0.0009276711600158432,0.0035203378920516844,0.004220845911369185,0.0018715545895515444,0.0351342977732939
872,0.020564777525899813,0.04254726637855136,0.0010283400387034471,0.0033552992184778503,0.004069317798792164,0.010353941308840984,0.0036429632335716754,0.005850164402254195,0.09141206990509149
873,0.031090896549220086,0.03282108952194792,0.0013372263173467,0.0012738540793367109,0.0059337144792340705,0.002398900348539515,0.0020537855383888663,0.001871233737300369,0.07878070057131424
874,0.018252594762244417,0.025924596486510777,0.0012953134639169402,0.0001602203036108039,0.002280311161478265,0.004167465854923698,0.0005270776490270237,0.0019125641627585266,0.054520143844470445
875,0.0233121907776868,0.04568552986673406,0.0019623730264113435,0.000805894725313985,0.0011312277847210295,0.002083868734514792,0.0002793427113047354,0.0016348011539670086,0.07689522878065377
876,0.015247696939730541,0.023889461767553376,0.0015776594082745634,0.002294729049563912,0.003802444199572664,0.0012540676608997776,0.002314523348586819,0.002655822605811722,0.05303640497999337
877,0.010120770325812115,0.008620364742380017,0.0006033415358582305,0.005142239889676391,0.0061418535531262185,0.004919642034376515,0.0016411094444395908,0.0019372747766829392,0.03912659630235201
878,0.005229007868521953,0.0019393474276491454,0.0010318429050896942,0.0012587016293800115,0.00688291120050857,0.00659364820610659,0.000536896807374282,0.000743596838124947,0.02421595288275519
879,0.004041797661912882,0.011248239455045059,0.0002902784447643208,0.0012938061733476988,0.004320786527533407,0.005186279366978889,0.0015778210045522072,0.001389477707273099,0.029348486341407562
880,0.013019357229367428,0.017181911184911795,0.0010517517710688798,0.00041996991233612696,9.007729140040627e-05,0.0014416549519416112,0.0010016880208351272,0.0008837035696810532,0.035090113931542426
881,0.013460210798670586,0.006982842511106495,0.0015892418806202394,0.00012706511197252413,0.0016698572170363475,0.0018774485110837063,0.0007409857322238035,0.00040655344245243855,0.02685420520516614
882,0.017057703987498642,0.005753434180291564,7.039318641894385e-05,0.0011320513134134306,0.0040938457844592515,0.004153350311475794,0.0005491616943704977,0.002032174715159392,0.03484211517308752
883,0.01880707258817315,0.015902785361043666,0.001817383271001218,0.0003193521640606652,0.005488235159063039,0.0007280135529958419,0.0005553208142981621,0.003785358123241187,0.04740352103387693
884,0.011112862481657267,0.012930617456563024,0.0011669202932615911,0.0007105576508485079,0.0008938663574353223,0.0021489531350210958,0.0004927899357682641,0.0025595924356522303,0.03201615974620731
885,0.009122441139682646,0.005604569788221445,0.007391349600616574,0.0031495813951754417,0.0007027836920796877,0.001743051904903074,0.0010171347074188106,0.0002264731168008541,0.028957385344898535
886,0.10264158373995526,0.08813148944266275,0.07226772004662314,0.05815776081317681,0.0787602830570427,0.09632705118933242,0.058068592710633575,0.053696937398105014,0.6080514183975316
887,0.04841346831681536,0.07037590593105526,0.006224310561470539,0.010474536912539373,0.037403824938532525,0.026061403100520113,0.013418461304769761,0.01826499450877478,0.23063690557447772
888,0.13058448121907024,0.1297706158565399,0.009876840681244827,0.015237580317363116,0.04576995406942922,0.07038981244307731,0.014237554003382669,0.01804549427686537,0.4339123328669726
889,0.13845883151508756,0.1339450912409127,0.01045366688753135,0.01592122207093462,0.04424370123143203,0.06105486683294232,0.02050813521010954,0.020312107248945017,0.44489762223789503
890,0.04862082659548426,0.052951071977019856,0.0024712604931881104,0.01215106468315136,0.02162254039178292,0.011405328977392964,0.011486472273662998,0.006862109469181881,0.16757067486086435
891,0.10290815628854583,0.11120728595077345,0.05581308463585035,0.03642091352636455,0.071516535488879,0.08253264718679143,0.03391319288738491,0.039867856239371634,0.5341796722039611
892,0.008800384517046442,0.010903146333398861,0.00936016962315152,0.0019528887653830532,0.006216303814827676,0.010040930461757032,0.005152328348261257,0.004802491863308518,0.057228643727134355
893,0.018239906179320822,0.06271884009701978,0.02321621416541049,0.015532365640686354,0.03226291360575831,0.05673341574555621,0.013582616779975692,0.02370110682497897,0.24598737903870663
894,0.019386515477811495,0.05389393703271359,0.028886203332356784,0.021214037495874742,0.041056024318974066,0.05143010318605308,0.02364587966971635,0.03141990315819151,0.27093260367169164
895,0.009641097841968507,0.010794508794206735,0.01911621862118475,0.009616422249030216,0.015483713579671182,0.014677465250199149,0.012898730367242935,0.017268911553278983,0.10949706825678246
896,0.004853617474853755,0.002319356726732458,0.0017768021648794765,0.0052192143275271476,0.004085937393473329,0.010595700288598254,0.005852276762164312,0.006588504358828776,0.04129140949705751
897,0.0029134088299608836,0.007520687889657756,0.0028673687857288456,0.0025718009807054517,0.0026145226805223153,0.003472438316828085,0.002343017516780614,0.0013858461185691398,0.025689091118753095
898,0.0010474144474757361,0.004128176531888813,0.0035272311864685555,0.0006922295323157749,0.0038895232152898057,0.002619348689587638,0.0004568190190493575,0.0007121679747837158,0.017072910596859395
899,0.0026815016827138093,0.004003531820981652,0.0016205885866367549,0.00015242348473902935,0.0031734343346993296,0.0015431168085089809,0.0013161560425278755,0.002361850231548432,0.016852602992355865
900,0.0036438083895543876,0.003083010441530909,0.0018523271770661185,0.0006118374543106885,0.0017662437841603651,0.0015195787391456739,0.0015427891853133347,0.0018033107129490277,0.015822905884030507
901,0.004510454521291865,0.004998238127478504,0.0026166492557959725,0.002463251923455544,0.0020258083859489217,0.0013420354330770752,0.00021079822861508042,3.942859641350126e-05,0.018206664472076466
902,0.003576171665279127,0.005240660552157112,0.0013838285555565978,0.0031853800102630133,0.0023288444418160695,0.0016000986268097563,0.0011864253861267075,0.0008674892298003152,0.0193688984678087
903,0.004680185629439031,0.0032087640737304465,0.0001853090097055327,0.001878291307957709,0.002040888191367822,0.0018197929971674684,0.0026055722964708036,0.0014051022842121817,0.017823905790050998
904,0.005920877821632579,0.0027764291380158756,0.0019533021560765628,0.002360888160299946,0.0007499925691078637,0.001651819349211768,0.0011397234691435144,0.000794829487419156,0.017347862150907264
905,0.004080398653202171,0.00181835984771048,0.002627427440020283,0.0012549441812478802,0.0010640879423332598,0.001145830489131069,0.001379324307122206,0.0010221853946450095,0.01439255825541236
906,0.003931189415090192,0.0038427989298785736,0.0012160563904798146,0.0004823145576365832,0.0005106852258033269,0.0007894375790028763,0.0012801489654387813,0.0011221744551850985,0.013174805518515246
907,0.0021437031467870737,0.001388341854720631,0.0009466340121701913,0.00047037008823352136,0.0006010668592307333,0.0003700535253854198,0.0003036161613198585,0.00022611594701954607,0.006449901594866974
908,0.0014351689260278897,0.002190692609782479,0.00046661660525064213,0.000450563575121889,0.0010667930189359463,0.0012489731877552686,0.0001586279387006233,0.0002422173773624151,0.007259653238937152
909,0.006279089729773242,0.0009852835373757077,0.0006271348551236004,0.0002343672993668397,0.002001927561522797,0.004079222973512181,0.001284138192566752,0.0013298618532958705,0.01682102600253699
910,0.010713145672143487,0.0024533176575435005,0.0005908004332199021,0.0003207862454138144,0.0020190753775878273,0.0020148395587797643,0.000650046870463455,0.001522322388977112,0.02028433420412886
911,0.005620770487029579,0.001198744055820571,0.0001987265874916289,0.0018226343567168029,0.001126379220554043,0.0014225570728661364,0.002446478134758564,0.003984384164705243,0.017820674079942568
912,0.0015069754769010814,0.00198574911870266,0.00014895201921939994,0.001175993274610099,0.00018691184094681156,0.0006257163429935419,0.0032295283870868953,0.0034910818525835953,0.012350908313044084
913,0.001379662007173699,0.0016242761779348878,0.0018770982050519784,0.0008774919835112732,0.0007596612911965098,0.0003170132653273277,0.0042777943879104595,0.004334147856173599,0.015447145174279734
914,0.0009129279508831604,0.0026391017464454103,0.0012483864726655913,0.00018680932477211623,0.0015997709541665692,0.00017767952655957007,0.00044457491930984173,0.0009848177252639884,0.008194068620066247
915,0.0006093290713652257,0.0016375131471351293,0.001534703728320129,0.00015467032067898137,0.0012180116420095978,0.0007818955391338705,0.000648780199067193,0.002041626525063047,0.008626530172773175
916,0.003829742472069582,0.002244569231110834,0.002523707748990958,0.001643371010828619,0.0009109108830786016,0.0013111159564258526,0.00656872220412324,0.006171047874707165,0.025203187381334854
917,0.00595987417308015,0.004278409172129909,0.000874343841735536,0.0008891272010903247,0.000671211556986263,0.002807882111756656,0.0019191294764846444,0.0025856213822099436,0.019985598915473426
918,0.0019270153752482867,0.0015391976026107028,0.002619131363191096,0.0009513725936710207,0.00013851946324515763,0.0010488955951507006,0.0018165251301937384,0.0021480974206301434,0.012188754543940847
919,0.0008456132717283373,0.0018152759943772603,0.0024768984505594846,0.000883063705409155,0.00023544973937369266,8.661502949837802e-05,0.0021464104358879764,0.0018227691616729477,0.010312095788507232
920,0.00059124487509208,0.0011422398494409065,0.0016966369163121757,0.001647265158316598,6.806602511091485e-05,0.0009943526834970374,0.0017099610616073716,0.001979022326620751,0.009828788895997833
921,0.0022625049121589216,0.0024983336701699483,0.00042708431234555284,0.0003767254318468648,0.0015402876716925805,0.0017166531622132615,0.0007250269593680916,0.000515575616498023,0.010062191736293245
922,0.006744532979664698,0.002434001424678862,0.0016531728825572934,0.0024123445967794504,0.0017149595603446297,0.0012814103278220009,0.0032352321875083706,0.004149746405370979,0.023625400364726285
923,8.047982384307694e-05,0.011686273044806699,0.0013331268843507333,0.0011981898231267925,0.0033019138671037695,0.0010387807355626052,0.004581755227250142,0.004755324945156195,0.027975844351200013
924,0.00311125213077579,0.009926260009304638,0.0008710492047005696,0.0013463000983899459,0.002700719416032452,0.0035142878776858277,0.0021589237601854568,0.0005191614729217882,0.02414795396999647
925,0.004033397833890227,0.0024836302816992543,0.0021855976085438694,0.00030052076867277336,7.523638637944467e-05,0.0015417318974048637,0.00031995527367598825,5.77754742743655e-05,0.010997845524540787
926,0.0016469308790703686,0.001647819447475353,0.0020689023265906084,0.00039907081863258643,0.0012045580349891141,0.00015123986536078618,0.00011760473725018859,6.102043521246682e-05,0.007297146544581472
927,0.00044471967739184156,0.02839476611805955,0.0019730801643599214,0.00018027343026951736,0.0005229194840638187,0.00029974251520915087,0.00020515168031914606,0.0007329239192396374,0.03275357698891258
928,0.0006191385301405655,0.009248207626553139,0.0022171026611083207,0.0006622607552790632,0.0008198902780581253,0.0018033988762493687,0.0001269413401105722,0.001322939825032272,0.016819879892531427
929,0.0022436679072641956,0.015444411732415808,0.0010368968475829323,0.0005512337326732055,0.0013489035819978566,7.82190608803362e-05,8.396608513060932e-05,0.0002541987231855123,0.02104149767113046
930,0.006470188462514476,0.016223104910175354,0.0011783436197687002,0.0019505990722811061,0.0029306415531491895,0.0008512710039400333,0.001098834174767804,0.0004083403339674935,0.031111323130564156
931,0.007538480658973401,0.014383715149049079,0.005306436353716687,0.004953139184753172,0.0012415010238588,0.0025017733827572787,0.0010244948730446504,0.0011815350089590029,0.038131075635112074
932,0.01188939910335021,0.01727992050776233,0.005039773541695199,0.008969224075038038,0.0018247498627560553,0.00221003651648889,0.0018107416279829287,0.0008153514899499096,0.049839196725023564
933,0.008772492654577354,0.018745470938897252,0.006424117638735099,0.003922581769579214,0.0017596907304391794,0.00292716499899541,0.0008107266925349723,0.00040740036754281615,0.0437696457913013
934,0.004386453678937676,0.01580168983122198,0.013699815569634809,0.002307544936607403,0.0021233437785377067,0.0011747743455298371,0.0013958858386844352,0.00037121493308473803,0.04126072291223858
935,0.0027797608371230072,0.027007137627064574,0.005492896510615018,0.0028257522327082103,0.0023292810301939674,0.0015004664090383778,0.0014567694871695,0.001671415593287584,0.04506347972720024
936,0.0023126485697708594,0.023374789778143445,0.045863219790579474,0.000991200666146593,0.0011290883332604302,0.0004692331320615838,0.0010765802175833632,0.0014157011981700113,0.07663246168571576
937,0.0026132743268430297,0.011470648917004965,0.033016211232454996,0.0005102944412641044,0.0011503943273263105,0.006224737940858839,0.0023598377639025654,0.0011641161166000978,0.0585095150662549
938,0.002423982718011106,0.012083412516469268,0.021663606624958413,0.0002627714350923234,0.0020550729429850666,0.007868611523276435,0.004897919589933052,0.001286257843792841,0.05254163519451851
939,0.0013352942342346424,0.006160779885976505,0.026183800958243714,0.0022984755477953845,0.0012981651268240977,0.01280691809974646,0.006681927278487195,0.003421573805531011,0.060186934936839014
940,0.0007030536733266916,0.015326595617529673,0.012816012611305624,0.0020096258139053924,0.0025557849805798354,0.010925010671930361,0.002667548742152314,0.0054217938836526045,0.052425425994382505
941,0.0016970277775070586,0.019068702761493254,0.006255101507482313,0.00015323306244073603,0.0059214988217524515,0.019732498060567465,0.0007338064567344293,0.007090007841887361,0.06065187628986507
942,0.0021457553737366806,0.021115875343124608,0.006403677408780553,0.0005056380619927614,0.014977980869561865,0.008731691659809127,0.010966562822669005,0.013040243447351609,0.0778874249870262
943,0.0022848638817080124,0.0235571352906141,0.06700625634303688,0.06280637659384343,0.01844484048464061,0.007989878492776494,0.006055300214753879,0.013804548311783293,0.20194919961315672
944,0.25577883871134616,0.2245994747656177,0.20522150788095275,0.17937389527914452,0.07192429017674419,0.10086480157955795,0.03301139972761875,0.06814672874965753,1.1389209368706394
945,0.06011699697599195,0.11131877361462796,0.011322766771445584,0.0003621881769619916,0.012311787997217662,0.02014943178052726,0.004121843665052692,0.005584529884494919,0.22528831886632
946,0.18965250966743616,0.10976462156579185,0.0031246688016405796,0.0007099940084986302,0.0510854913680098,0.03569373310076294,0.004672676339575496,0.0006391407421116895,0.39534283559382716
947,0.03121260097677957,0.013648265905280786,0.008871710274464033,0.0019791156444852807,0.018150476130255985,0.011297682512690425,0.00708482299572296,0.0014640875549277385,0.09370876199460679
948,0.2784094909541811,0.30111527490073253,0.012228491902932126,0.005989531276452454,0.1006584844890441,0.08615912041754628,0.014779267610062779,0.028762039621912254,0.8281017011728635
949,0.2938237639774748,0.2705681645315397,0.2231921760705861,0.20321881507379896,0.09865181688123977,0.11057420582100991,0.07042246804496179,0.05544630262242698,1.3258977130230383
950,0.01605745674514468,0.03160053589903098,0.009561376620078478,0.0028638127485202287,0.0030828205257441153,0.021433568915812176,0.008168527233960898,0.0017510896017016177,0.09451918828999317
951,0.04464847728774206,0.008645128118644513,0.003906625953375652,0.013941983623930707,0.00015594937662472138,0.014616540466585712,0.007707155585130201,0.019041482247795394,0.11266334265982896
952,0.02839885792121247,0.0025135433882568056,4.243323274583628e-05,0.01035069574354861,0.0016182766708974028,0.01039068416326075,0.0034577061502453783,0.007631494234094076,0.06440369150426133
953,0.041028899750093835,0.002280502564831695,0.0057030904297045906,0.009695732289817877,0.007071133257153098,0.010878581616752111,0.0022477388131911472,0.006565125407397332,0.08547080412894167
954,0.02175604201034102,0.0052766061091419165,0.006560222728139713,0.004920535437296756,0.0073104441488589045,0.007851475680033667,0.006188792615573577,0.009813010844834737,0.06967712957422029
955,0.029115293625766352,0.009045074051628759,0.0063164512295525105,0.002046370374550984,0.009045931453823515,0.007203303153169942,0.0031940996220824586,0.00823280415510153,0.07419932766567605
956,0.014997522053356183,0.019621969976385212,0.00985434228261009,0.0009459882916366544,0.007113393461533603,0.006215396980839758,0.004588992779590903,0.005981171354839888,0.0693187771807923
957,0.032501345442449515,0.0312785489746132,0.01660966977912987,0.0032379225938484893,0.006413386070670365,0.005968089314868211,0.00964587868984056,0.006074796141834415,0.11172963700725462
958,0.028779422837870907,0.02009263635954782,0.03629139267628303,0.0012355761540914186,0.005892211512941126,0.0009985998199507759,0.008933028276935135,0.003391162099596974,0.10561402973721719
959,0.02588626067659972,0.017129782841380097,0.031541245767147404,0.0013057175690157079,0.005671806352144035,0.004987163504051139,0.008663172269331129,0.0016266033124211735,0.09681175229209041
960,0.026344016325792644,0.011753025196793283,0.028281974568765578,0.021444972142417185,0.005430014091818552,0.004866032926226545,0.008176872993720163,0.00972891810268356,0.11602582634821751
961,0.015527361696624147,0.014518163997486982,0.022114440515084405,0.024725935921929943,0.004410622255160862,0.00471855917533293,0.005709486066829334,0.006883267593181123,0.09860783722162973
962,0.01261840134764681,0.002613166468320005,0.022724911823768783,0.009204030288209302,0.004289941386084365,0.00211598526099466,0.004860249087854482,0.007777969812390281,0.06620465547526869
963,0.010408109931032713,0.005259075405246626,0.022769768139113137,0.029718013417731847,0.0024882113987337723,0.0035204769747865542,0.0032713758946679235,0.0008111248568694611,0.07824615601818204
964,0.003621000625912606,0.010206988971523476,0.008159462423566074,0.008830161193023125,0.004482733689840772,0.0019525202524701773,0.003980241221909697,0.0005754660409343352,0.04180857441918026
965,0.009339192704435374,0.004836482476219699,0.004026625548294632,0.010315920519064013,0.003544973913165677,0.0036431963848073804,0.0007394103620928131,0.0008887030354141006,0.037334504943493683
966,0.05070231911920884,0.0014868696625823638,0.002852346396596322,0.007738702438182873,0.004472371035187751,0.0016068795813965848,0.0013021654738786038,0.0008473428171623643,0.07100899652419572
967,0.022873680609318926,0.009444783056985451,0.0028796605608687855,0.00680422797935387,0.0021058813258924827,0.0027628079021695382,0.004554195143438582,0.0065333231597879465,0.05795855973781559
968,0.007379554270071408,0.01687108758830912,0.004941612179398007,0.0049705266403725,0.002793243489177648,0.0054010896679116535,0.003917199487480437,0.005599043964537919,0.0518733572872587
969,0.007929184690278786,0.008644380029577457,0.0024817256084260003,0.004903319936893311,0.0038872287245077537,0.003976900304053333,0.004018731214256572,0.0038866388689347844,0.039728109376927986
970,0.005325173626963105,0.008995171277226852,0.002266592052695506,0.0038472077899948383,0.005855096995715392,0.004433561841990515,0.004644331324890343,0.0021631056267482243,0.03753024053622477
971,0.009523767361911467,0.02617933997269811,0.001250529994998674,0.01033783295669459,0.0038264162622705013,0.004674081787304587,0.0035802067423598583,0.0037477505944989034,0.0631199256727367
972,0.01152443778846686,0.01842127677734629,0.0015131935967592147,0.0067855465014078475,0.0018196821811759184,0.006571231402186023,0.0015702554079177614,0.004408849570550094,0.05261447322581001
973,0.0017784115563516873,0.007388325037308976,0.0031388029202087083,0.0010671469717353887,0.0016830215670205788,0.004864981490926226,0.006084052309296111,0.0049324497579805735,0.030937191610828245
974,0.00577181478059295,0.026232188698190634,0.002980375465885294,0.007606908053980617,0.006108136591086112,0.0032024644524961112,0.003094721695340404,0.00409901060095712,0.05909562033852924
975,0.008072457267571114,0.003166794705117242,0.0012286852521410606,0.0030046285118147235,0.007229089675016168,0.0017632059379198105,0.0018015869721026158,0.0024248474695725193,0.028691295791255254
976,0.006479762969334565,0.03918232618248782,0.0011261629613405,0.0014429535421895182,0.0028254485073817676,0.00579028682252448,0.004072940739589299,0.003918136397896165,0.06483801812274412
977,0.008640244361471927,0.008029521789220336,0.0003805256361115694,0.001000504996057964,0.0019689638029611414,0.005345791117073266,0.0062004540019186104,0.010080872434109803,0.04164687813892462
978,0.005139937608472501,0.003598767541066113,0.0034058191689190433,0.027662053221752022,0.009162422414018233,0.005070140170187944,0.007784561336708342,0.01033075409350573,0.07215445555462993
979,0.0229244703333178,0.001931221315644175,0.002049637766561329,0.0059677819425879635,0.014829476594168094,0.009087781101913809,0.010318736891741858,0.011416684196111752,0.07852579014204678
980,0.024600376549730452,0.00980404182785713,0.0028599495693421625,0.006959475181151415,0.007744714769037644,0.007539839739467133,0.002355505562731144,0.007543873807167228,0.0694077770064843
981,0.016087939769977376,0.023512843458476238,0.0032457726141401364,0.048303077557147335,0.006515776731203791,0.0037117453774095943,0.0047234838574637394,0.004966664425057557,0.11106730379087576
982,0.019950406310885696,0.024959508771458996,0.0003678588249767311,0.02513137321174171,0.005710176194716229,0.0074453792418121036,0.0010218075507696662,0.00459314963929689,0.08917965974565802
983,0.006150727743730207,0.019291039854195776,0.002502822386141493,0.02138190422755083,0.001090075510753833,0.004109458127535812,0.0032612583645370255,0.0041569627750429414,0.061944248989487916
984,0.011088183536591002,0.02213459557279309,0.004075528731597906,0.015494929227354967,0.0009625283079876857,0.0060230504977619986,0.0038921150842130686,0.005780709536959241,0.06945164049525895
985,0.01614781365674713,0.018519474568160103,0.005821669777052738,0.026025430786773232,0.0021094632972336563,0.008706075775052365,0.003973895560870114,0.004805615869410872,0.08610943929130022
986,0.007798087932652411,0.015678971510997727,0.008844057704495967,0.005514576874806627,0.0027639726125893663,0.007562250684115534,0.004820215640498924,0.004924311414048674,0.057906444374205224
987,0.016797847002054497,0.00859635208248823,0.0050670884839076474,0.03095891200767957,0.00493229810887118,0.006281074862929841,0.0029893364699937314,0.0044152869478797235,0.08003819596580442
988,0.015022282974879711,0.011125217134758513,0.002875306635897821,0.0135744231311891,0.006132501591301691,0.00840599496271762,0.006241410890641843,0.007002496271685226,0.07037963359307153
989,0.006324282193102393,0.005245455423495823,0.0015930197595614773,0.005973497042167465,0.002341964899503185,0.004035004421212806,0.00397147532650787,0.005664187580612917,0.03514888664616394
990,0.035445516317728694,0.009516896247860675,0.004370736147362488,0.002978418805812973,0.00885438400708408,0.005335157219411889,0.005669166367598816,0.006166944165185791,0.0783372192780454
991,0.019867683336189688,0.019478324110462453,0.0027847020515556664,0.0018476073460661335,0.004578366521002119,0.00961371201607701,0.005890900928753435,0.007704042528436373,0.07176533883854289
992,0.010728590297533274,0.012720541636700756,0.005858433802709361,0.002581544930898446,0.00699252527954194,0.006920525764129766,0.006044873346095165,0.006050402949738383,0.057897438007347084
993,0.006919400852858265,0.017349807557563234,0.0005568231309725743,0.0046433479450750555,0.0056585185029539515,0.008652984293762317,0.003944561494473453,0.004540403133830266,0.05226584691148912
994,0.003880771460369565,0.021358373273460792,0.008964217556441025,0.0030997114604142963,0.00620065692849596,0.009246579997546196,0.00438514360959205,0.00679160885186057,0.06392706313818045
995,0.003385674355422551,0.024856557311295102,0.005974568276123464,0.001956771638972507,0.00838204473974632,0.006371186368942408,0.006343325206597513,0.007471764698162063,0.06474189259526193
996,0.013671098923944334,0.013301381277964881,0.017759648849701052,0.004189083912916533,0.004531562286590978,0.006130524595680848,0.00720261636336611,0.009529913109968225,0.07631582932013296
997,0.026850844436945756,0.010602254954311963,0.005219289129763909,0.0036532146501068665,0.003337965261663491,0.006734877075917223,0.0029816943976177864,0.004039320682221449,0.06341946058854844
998,0.009141666291138105,0.017456962060497443,0.00992059092847648,0.0008284480502088173,0.01240356708722782,0.006262774014148631,0.011348960711194492,0.008508781461200323,0.07587175060409211
999,0.011995779135007876,0.007043896289535318,0.000687826663633647,0.0029575845970644925,0.00785861907020316,0.006364564540989442,0.006441092312452237,0.0029137879571578228,0.046263150566044006
1000,0.02323905581723698,0.03495667500269977,0.004269425296214227,0.0007230795045475217,0.006050896540422192,0.005454858672585682,0.008631152309769873,0.004359854240445138,0.08768499738392138
1001,0.029192827064771405,0.013696702865502472,0.006849485365305624,0.0025974780653468593,0.006365739237689657,0.009183816179996352,0.010014303798817603,0.009462939672801122,0.08736329225023108
1002,0.013769941916164244,0.02014842924875877,0.022350212356772578,0.003391474576402593,0.00602801271210944,0.01006684409127235,0.004766223714020505,0.0073903360214764135,0.0879114746369769
1003,0.012994145525950098,0.013045506028232491,0.05547903367803965,0.0016571871583392409,0.0034665297336931708,0.009082047012910325,0.0014792078461322731,0.006003216193790303,0.10320687317708754
1004,0.010015758393897156,0.008777470611611212,0.041541903472729,0.013921899460588177,0.006560420416810783,0.007668528898256975,0.005967994317351138,0.009659800381816146,0.10411377595306058
1005,0.0042412448840593656,0.017092089364621636,0.05612632800489586,0.003026125099753025,0.0022306550578988227,0.002550397020679636,0.004194665994765564,0.0036423827132210287,0.09310388813989494
1006,0.005781314553128222,0.02168877390071271,0.046175981106420856,0.008282572348650092,0.0036656837333745914,0.0003627783026380237,0.0061521651782610945,0.002504242005875374,0.09461351112906097
1007,0.006237380118437314,0.013416681243949647,0.048632958838347486,0.022129755384149234,0.0024543055028877284,0.0040425107265099295,0.004030013103140389,0.002008972851153444,0.10295257776857517
1008,0.005481588680516254,0.0158023222664345,0.022089344523604337,0.04991646801084231,0.006137391720671786,0.0037558469517300105,0.009738399300814412,0.007001394910787712,0.11992275636540134
1009,0.016817299499548483,0.017197815827123812,0.049273815208730726,0.019618302809425437,0.006617873536940726,0.003775368897769646,0.00772714901695918,0.01069537691921857,0.13172300171571658
1010,0.011188000049062384,0.0008610780171160534,0.03410568144079729,0.0128993300175817,0.008345480278259433,0.010515156501594186,0.002635739159468545,0.005310966218823585,0.08586143168270317
1011,0.008333902807887823,0.0038218000340411204,0.005139127228348144,0.004832749781078859,0.002147486546948695,0.010191925166741183,0.0026326858261282423,0.004551682277489879,0.04165135966866395
1012,0.012908690622435949,0.022825625073526364,0.006666121612720769,0.001189405147549271,0.007282062346778695,0.01022951928054983,0.006671215085147584,0.0038916332122128274,0.07166427238092127
1013,0.0023783919270754564,0.023180528954980573,0.008049956838113779,0.0026364204665368387,0.006037083028888145,0.011219043061269373,0.010219312849707538,0.013795332834418446,0.07751606996099014
1014,0.0025664221430239114,0.011146642563946459,0.0055102497535179824,0.010405749658708757,0.003606830157046385,0.009466798055797199,0.008676150208897601,0.0057599623714110195,0.057138804912349316
1015,0.012971981020350389,0.019106798170756955,0.007605139637495686,0.013779188320836768,0.005944517356503091,0.010377288391954193,0.00761175419937317,0.012175547731004816,0.08957221482827506
1016,0.013682415562880714,0.008859897515014556,0.009185724745492662,0.054181002462478374,0.011790404800225463,0.011160902262047325,0.0031528900652313253,0.013569157904428097,0.1255823953177985
1017,0.02151357391911529,0.03162904879387147,0.014087262036350624,0.07044180674896049,0.006284574959067737,0.00825883086310788,0.0044747632676963986,0.011276835831968054,0.16796669642013792
1018,0.008881259294590086,0.03377532284610691,0.0054349784356304215,0.018509912740285284,0.013924450381580232,0.005136137214119726,0.010290155213138977,0.01105633784847578,0.1070085539739274
1019,0.0023262376033914415,0.060878995801820726,0.003549438923253035,0.02202267117027801,0.01779671191177851,0.010016833182634568,0.007023730700927822,0.009743176475067238,0.13335779576915133
1020,0.021588377803010306,0.05305052153650783,0.0022086032501068553,0.012139029259671993,0.019709084875149923,0.010690430794438105,0.017496941059680474,0.014047463380290568,0.15093045195885604
1021,0.02785680932539087,0.043642841857379745,0.00438054332781774,0.04478788003115297,0.01560035960073057,0.007127384606192677,0.0067797653462286405,0.004752250091437807,0.15492783418633105
1022,0.023162089504573304,0.026107453096182377,0.005934758871413876,0.02369460099949484,0.008391644525151136,0.004692098893729832,0.004819374997457075,0.0031898570162157197,0.09999187790421815
1023,0.01645194843204771,0.013733912005884096,0.008651853290823497,0.009204926723790469,0.007490138356354099,0.00940074290691747,0.00745080697728993,0.0037661867707385124,0.0761505154638458
1024,0.02064630395255547,0.014054351414382642,0.012224438586419075,0.013100930619911839,0.010274204878857144,0.013666911086361488,0.02396158643269743,0.025619517304114242,0.13354824427529932
1025,0.016954532958857123,0.011069011619863461,0.0012624314644845904,0.01853998583249812,0.01903266600902955,0.009560650665496382,0.016971415457832213,0.017596357873438082,0.11098705188149952
1026,0.007035529655518342,0.01281817319841194,0.050286540792809566,0.03748965605857517,0.0018794863619827676,0.007218381146949942,0.001557228600952916,0.004284810267621607,0.12256980608282225
1027,0.008229168388194616,0.008305653955843019,0.0055314424821485825,0.06952739718113746,0.013249222240352913,0.00902902554951953,0.002346453017797338,0.0029600148832835188,0.11917837769827695
1028,0.007886366405798706,0.008629416694547186,0.019242995696298486,0.15583788906375615,0.017722435049190965,0.007938458399077359,0.008820082122282937,0.005176790588070423,0.2312544340190222
1029,0.0035439521037842103,0.00916717630557347,0.007378318756437356,0.0972412508719544,0.02214728614154816,0.007508041728532499,0.010565229042407963,0.010158988691452951,0.16771024364169104
1030,0.0008554109738858791,0.012000959151716093,0.013259040536359156,0.053864040423768564,0.012799721306463181,0.011822870631922828,0.013991247187547734,0.010183873675865268,0.12877716388752872
1031,0.001688557318048757,0.016081998030558885,0.027168647166860304,0.06828069913528924,0.028157050831535187,0.025623041546619763,0.017646084428567476,0.007633139012998189,0.1922792174704778
1032,0.007091817223994326,0.020069450207449924,0.018044928514972,0.004026697057524041,0.01471764854612423,0.014746466477630811,0.017281555592925966,0.007386955476197576,0.10336551909681889
1033,0.018983896764131838,0.026290796240631898,0.09502302785576117,0.018239636017083876,0.02685220516068967,0.027233276709924335,0.022530085483458147,0.01371425015112597,0.24886717438280687
1034,0.025423335990250515,0.022619416911073883,0.03047026512177008,0.00400043051849161,0.02162338236024302,0.01910035870625538,0.013539429019108214,0.01092078243412567,0.14769740106131835
1035,0.02186114877017783,0.021319613475954572,0.047683669195822925,0.05824794436419462,0.01917253974739322,0.0024652661766841467,0.010352771516987732,0.0019337560956117685,0.18303670934282681
1036,0.04485607883056614,0.02246333326793783,0.019279705351935707,0.020537839309828554,0.03291960292644988,0.025520948583633386,0.026339935423418046,0.014229353225688636,0.20614679691945814
1037,0.03176332305107979,0.019647894877095083,0.04397396249733195,0.05122899706392858,0.008845590318484503,0.0033015043622933787,0.024117680935461648,0.013680235159891379,0.19655918826556631
1038,0.039026539397112765,0.01947225527096211,0.027911073142991683,0.007900735061272673,0.017257537002799576,0.02424895093173601,0.027454213140631248,0.022902575590392354,0.1861738795378984
1039,0.022327561515935953,0.02800043610023956,0.04965523521594662,0.012566827859821399,0.010251023228552075,0.020088584130019314,0.01859139101856659,0.008695330009809554,0.17017638907889104
1040,0.01997583528026534,0.024928076618546454,0.11795062675593695,0.01630652011981607,0.014026666910284239,0.02158187735978227,0.031591477383400166,0.01586240627816429,0.2622234867061957
1041,0.028475489887364848,0.08826569805097927,0.03195371394560112,0.004086694024767677,0.013751208761577965,0.023494768922894926,0.032211168027808296,0.012409155816243122,0.23464789743723724
1042,0.019284306646832887,0.3041028117873802,0.08478764542983555,0.04653202352505274,0.06679097895834712,0.05396868096432047,0.058752699620015045,0.07555004194198886,0.7097691888737729
1052,0.3783539122516702,1.597515842121067,2.7053610475767904,2.981741425741026,0.6609097982626417,1.2854994986265926,1.0397101434286924,1.594342358142142,12.243434026150622
1053,0.6289051596093705,0.2878297739464043,0.3366835830517065,0.39093667807162696,0.42409227722027015,0.17678395348275996,0.3276588527140026,0.1808305348713946,2.7537208129675355
1054,0.3022517094399902,0.0718595105199405,0.3250875341059773,0.3515633300852341,0.2742496387971656,0.1171170265113535,0.27594242181307793,0.14974368984127306,1.8678148611140122
1055,0.10870500184374915,0.1998979833663962,0.3904409587377297,0.5031622392995636,0.14152005545838306,0.10270191325308689,0.1224200610299206,0.11048546025109128,1.6793336732399204
1058,1.8133621460125406,1.673557513561672,3.533166901730301,2.877387609943998,1.4283694791328716,1.722640945500574,3.053763299944671,2.8672823316223237,18.969530227448953
1059,0.36546361757364215,0.144474709968093,0.934971067960353,0.9590592281472073,0.145037673287213,0.2881305950142344,0.16039917854290592,0.19066058392923077,3.1881966544228795
1062,0.28904685943187547,0.1995836704626947,1.9004161441766274,2.698017203550913,2.29770821381136,2.4734707074341857,3.00287113121856,3.3388198477628164,16.199933777849033
1063,0.08397717619235029,0.09328357009795664,1.0955721872440507,1.2862070965375023,0.9803889712258111,0.6382074056722654,0.7989610588872113,0.6815630770609961,5.658160542918144
1064,0.08022672239560213,0.32204163447241047,0.5595252333522253,0.8574178521422308,1.6971638718236342,1.5385910068399657,1.319359953882171,1.3897506057921427,7.764076880700382
